0 verbose cli /usr/bin/node /usr/bin/npm
1 info using npm@11.17.0
2 info using node@v26.4.0
3 silly config load:file:/usr/lib/node_modules/npm/npmrc
4 silly config load:file:/tmp/build-861403522/.npmrc
5 silly config load:file:/etc/npmrc
6 verbose title npm ci
7 verbose argv "ci" "--ignore-scripts"
8 verbose logfile logs-max:10 dir:/tmp/build-861403522/.npm/_logs/2026-07-01T21_54_22_481Z-
9 verbose logfile /tmp/build-861403522/.npm/_logs/2026-07-01T21_54_22_481Z-debug-0.log
10 silly logfile done cleaning log files
11 silly packumentCache heap:1124073472 maxSize:281018368 maxEntrySize:140509184
12 silly packumentCache heap:1124073472 maxSize:281018368 maxEntrySize:140509184
13 silly idealTree buildDeps
14 silly reify moves {}
15 http cache yocto-queue@https://registry.npmjs.org/yocto-queue/-/yocto-queue-0.1.0.tgz 1ms (cache hit)
16 http cache xmlbuilder2@https://registry.npmjs.org/xmlbuilder2/-/xmlbuilder2-4.0.0.tgz 0ms (cache hit)
17 http cache xml-naming@https://registry.npmjs.org/xml-naming/-/xml-naming-0.1.0.tgz 0ms (cache hit)
18 http cache wrappy@https://registry.npmjs.org/wrappy/-/wrappy-1.0.2.tgz 0ms (cache hit)
19 http cache which@https://registry.npmjs.org/which/-/which-2.0.2.tgz 0ms (cache hit)
20 http cache word-wrap@https://registry.npmjs.org/word-wrap/-/word-wrap-1.2.5.tgz 0ms (cache hit)
21 http cache whatwg-encoding@https://registry.npmjs.org/whatwg-encoding/-/whatwg-encoding-3.1.1.tgz 0ms (cache hit)
22 http cache whatwg-mimetype@https://registry.npmjs.org/whatwg-mimetype/-/whatwg-mimetype-4.0.0.tgz 0ms (cache hit)
23 http cache validator@https://registry.npmjs.org/validator/-/validator-13.15.23.tgz 0ms (cache hit)
24 http cache uri-js@https://registry.npmjs.org/uri-js/-/uri-js-4.4.1.tgz 0ms (cache hit)
25 http cache universal-user-agent@https://registry.npmjs.org/universal-user-agent/-/universal-user-agent-7.0.3.tgz 0ms (cache hit)
26 http cache undici-types@https://registry.npmjs.org/undici-types/-/undici-types-7.18.2.tgz 0ms (cache hit)
27 http cache type-fest@https://registry.npmjs.org/type-fest/-/type-fest-0.8.1.tgz 0ms (cache hit)
28 http cache undici@https://registry.npmjs.org/undici/-/undici-6.27.0.tgz 0ms (cache hit)
29 http cache type-check@https://registry.npmjs.org/type-check/-/type-check-0.4.0.tgz 0ms (cache hit)
30 http cache tslib@https://registry.npmjs.org/tslib/-/tslib-2.8.1.tgz 0ms (cache hit)
31 http cache tunnel@https://registry.npmjs.org/tunnel/-/tunnel-0.0.6.tgz 0ms (cache hit)
32 http cache to-regex-range@https://registry.npmjs.org/to-regex-range/-/to-regex-range-5.0.1.tgz 0ms (cache hit)
33 http cache supports-color@https://registry.npmjs.org/supports-color/-/supports-color-9.3.1.tgz 0ms (cache hit)
34 http cache strnum@https://registry.npmjs.org/strnum/-/strnum-2.2.3.tgz 0ms (cache hit)
35 http cache source-map@https://registry.npmjs.org/source-map/-/source-map-0.6.1.tgz 0ms (cache hit)
36 http cache socks-proxy-agent@https://registry.npmjs.org/socks-proxy-agent/-/socks-proxy-agent-8.0.5.tgz 0ms (cache hit)
37 http cache socks@https://registry.npmjs.org/socks/-/socks-2.8.7.tgz 0ms (cache hit)
38 http cache smart-buffer@https://registry.npmjs.org/smart-buffer/-/smart-buffer-4.2.0.tgz 0ms (cache hit)
39 http cache shebang-regex@https://registry.npmjs.org/shebang-regex/-/shebang-regex-3.0.0.tgz 0ms (cache hit)
40 http cache semver@https://registry.npmjs.org/semver/-/semver-6.3.1.tgz 0ms (cache hit)
41 http cache sax@https://registry.npmjs.org/sax/-/sax-1.4.1.tgz 0ms (cache hit)
42 http cache shebang-command@https://registry.npmjs.org/shebang-command/-/shebang-command-2.0.0.tgz 0ms (cache hit)
43 http cache safer-buffer@https://registry.npmjs.org/safer-buffer/-/safer-buffer-2.1.2.tgz 0ms (cache hit)
44 http cache responselike@https://registry.npmjs.org/responselike/-/responselike-2.0.1.tgz 0ms (cache hit)
45 http cache resolve-alpn@https://registry.npmjs.org/resolve-alpn/-/resolve-alpn-1.2.1.tgz 0ms (cache hit)
46 http cache quick-lru@https://registry.npmjs.org/quick-lru/-/quick-lru-5.1.1.tgz 0ms (cache hit)
47 http cache quote@https://registry.npmjs.org/quote/-/quote-0.4.0.tgz 0ms (cache hit)
48 http cache punycode@https://registry.npmjs.org/punycode/-/punycode-2.3.1.tgz 0ms (cache hit)
49 http cache proxy-from-env@https://registry.npmjs.org/proxy-from-env/-/proxy-from-env-1.1.0.tgz 0ms (cache hit)
50 http cache pump@https://registry.npmjs.org/pump/-/pump-3.0.2.tgz 0ms (cache hit)
51 http cache proxy-agent@https://registry.npmjs.org/proxy-agent/-/proxy-agent-6.5.0.tgz 0ms (cache hit)
52 http cache progress@https://registry.npmjs.org/progress/-/progress-2.0.3.tgz 0ms (cache hit)
53 http cache prettier@https://registry.npmjs.org/prettier/-/prettier-3.8.4.tgz 0ms (cache hit)
54 http cache prelude-ls@https://registry.npmjs.org/prelude-ls/-/prelude-ls-1.2.1.tgz 0ms (cache hit)
55 http cache path-key@https://registry.npmjs.org/path-key/-/path-key-3.1.1.tgz 0ms (cache hit)
56 http cache picomatch@https://registry.npmjs.org/picomatch/-/picomatch-2.3.2.tgz 0ms (cache hit)
57 http cache path-expression-matcher@https://registry.npmjs.org/path-expression-matcher/-/path-expression-matcher-1.5.0.tgz 0ms (cache hit)
58 http cache parse5-parser-stream@https://registry.npmjs.org/parse5-parser-stream/-/parse5-parser-stream-7.1.2.tgz 0ms (cache hit)
59 http cache parse5-htmlparser2-tree-adapter@https://registry.npmjs.org/parse5-htmlparser2-tree-adapter/-/parse5-htmlparser2-tree-adapter-7.1.0.tgz 0ms (cache hit)
60 http cache path-exists@https://registry.npmjs.org/path-exists/-/path-exists-4.0.0.tgz 0ms (cache hit)
61 http cache parse5@https://registry.npmjs.org/parse5/-/parse5-7.3.0.tgz 0ms (cache hit)
62 http cache p-locate@https://registry.npmjs.org/p-locate/-/p-locate-5.0.0.tgz 0ms (cache hit)
63 http cache pac-proxy-agent@https://registry.npmjs.org/pac-proxy-agent/-/pac-proxy-agent-7.2.0.tgz 0ms (cache hit)
64 http cache p-limit@https://registry.npmjs.org/p-limit/-/p-limit-3.1.0.tgz 0ms (cache hit)
65 http cache optionator@https://registry.npmjs.org/optionator/-/optionator-0.9.4.tgz 0ms (cache hit)
66 http cache p-cancelable@https://registry.npmjs.org/p-cancelable/-/p-cancelable-2.1.1.tgz 0ms (cache hit)
67 http cache once@https://registry.npmjs.org/once/-/once-1.4.0.tgz 0ms (cache hit)
68 http cache nth-check@https://registry.npmjs.org/nth-check/-/nth-check-2.1.1.tgz 0ms (cache hit)
69 http cache normalize-url@https://registry.npmjs.org/normalize-url/-/normalize-url-6.1.0.tgz 0ms (cache hit)
70 http cache node-email-verifier@https://registry.npmjs.org/node-email-verifier/-/node-email-verifier-3.4.1.tgz 0ms (cache hit)
71 http cache netmask@https://registry.npmjs.org/netmask/-/netmask-2.0.2.tgz 0ms (cache hit)
72 http cache pac-resolver@https://registry.npmjs.org/pac-resolver/-/pac-resolver-7.0.1.tgz 0ms (cache hit)
73 http cache needle@https://registry.npmjs.org/needle/-/needle-3.3.1.tgz 0ms (cache hit)
74 http cache natural-compare@https://registry.npmjs.org/natural-compare/-/natural-compare-1.4.0.tgz 0ms (cache hit)
75 http cache ms@https://registry.npmjs.org/ms/-/ms-2.1.3.tgz 0ms (cache hit)
76 http cache minimatch@https://registry.npmjs.org/minimatch/-/minimatch-3.1.5.tgz 0ms (cache hit)
77 http cache micromatch@https://registry.npmjs.org/micromatch/-/micromatch-4.0.8.tgz 0ms (cache hit)
78 http cache mimic-response@https://registry.npmjs.org/mimic-response/-/mimic-response-1.0.1.tgz 0ms (cache hit)
79 http cache marked@https://registry.npmjs.org/marked/-/marked-17.0.0.tgz 0ms (cache hit)
80 http cache markdown-link-check@https://registry.npmjs.org/markdown-link-check/-/markdown-link-check-3.14.2.tgz 0ms (cache hit)
81 http cache markdown-link-extractor@https://registry.npmjs.org/markdown-link-extractor/-/markdown-link-extractor-4.0.3.tgz 0ms (cache hit)
82 http cache lru-cache@https://registry.npmjs.org/lru-cache/-/lru-cache-7.18.3.tgz 0ms (cache hit)
83 http cache locate-path@https://registry.npmjs.org/locate-path/-/locate-path-6.0.0.tgz 0ms (cache hit)
84 http cache lowercase-keys@https://registry.npmjs.org/lowercase-keys/-/lowercase-keys-2.0.0.tgz 0ms (cache hit)
85 http cache link-check@https://registry.npmjs.org/link-check/-/link-check-5.5.1.tgz 0ms (cache hit)
86 http cache levn@https://registry.npmjs.org/levn/-/levn-0.4.1.tgz 0ms (cache hit)
87 http cache keyv@https://registry.npmjs.org/keyv/-/keyv-4.5.4.tgz 0ms (cache hit)
88 http cache json-stable-stringify-without-jsonify@https://registry.npmjs.org/json-stable-stringify-without-jsonify/-/json-stable-stringify-without-jsonify-1.0.1.tgz 0ms (cache hit)
89 http cache json-schema-traverse@https://registry.npmjs.org/json-schema-traverse/-/json-schema-traverse-0.4.1.tgz 0ms (cache hit)
90 http cache json-buffer@https://registry.npmjs.org/json-buffer/-/json-buffer-3.0.1.tgz 0ms (cache hit)
91 http cache js-yaml@https://registry.npmjs.org/js-yaml/-/js-yaml-4.2.0.tgz 0ms (cache hit)
92 http cache is-stream@https://registry.npmjs.org/is-stream/-/is-stream-2.0.1.tgz 0ms (cache hit)
93 http cache isexe@https://registry.npmjs.org/isexe/-/isexe-2.0.0.tgz 0ms (cache hit)
94 http cache is-relative-url@https://registry.npmjs.org/is-relative-url/-/is-relative-url-4.1.0.tgz 0ms (cache hit)
95 http cache is-number@https://registry.npmjs.org/is-number/-/is-number-7.0.0.tgz 0ms (cache hit)
96 http cache is-glob@https://registry.npmjs.org/is-glob/-/is-glob-4.0.3.tgz 0ms (cache hit)
97 http cache is-extglob@https://registry.npmjs.org/is-extglob/-/is-extglob-2.1.1.tgz 0ms (cache hit)
98 http cache is-absolute-url@https://registry.npmjs.org/is-absolute-url/-/is-absolute-url-4.0.1.tgz 0ms (cache hit)
99 http cache imurmurhash@https://registry.npmjs.org/imurmurhash/-/imurmurhash-0.1.4.tgz 0ms (cache hit)
100 http cache ip-address@https://registry.npmjs.org/ip-address/-/ip-address-10.2.0.tgz 0ms (cache hit)
101 http cache ignore@https://registry.npmjs.org/ignore/-/ignore-5.3.2.tgz 0ms (cache hit)
102 http cache iconv-lite@https://registry.npmjs.org/iconv-lite/-/iconv-lite-0.6.3.tgz 0ms (cache hit)
103 http cache husky@https://registry.npmjs.org/husky/-/husky-9.1.7.tgz 0ms (cache hit)
104 http cache https-proxy-agent@https://registry.npmjs.org/https-proxy-agent/-/https-proxy-agent-7.0.6.tgz 0ms (cache hit)
105 http cache http-proxy-agent@https://registry.npmjs.org/http-proxy-agent/-/http-proxy-agent-7.0.2.tgz 0ms (cache hit)
106 http cache http2-wrapper@https://registry.npmjs.org/http2-wrapper/-/http2-wrapper-1.0.3.tgz 0ms (cache hit)
107 http cache htmlparser2@https://registry.npmjs.org/htmlparser2/-/htmlparser2-10.0.0.tgz 0ms (cache hit)
108 http cache http-cache-semantics@https://registry.npmjs.org/http-cache-semantics/-/http-cache-semantics-4.1.1.tgz 0ms (cache hit)
109 http cache html-link-extractor@https://registry.npmjs.org/html-link-extractor/-/html-link-extractor-1.0.5.tgz 0ms (cache hit)
110 http cache hasha@https://registry.npmjs.org/hasha/-/hasha-5.2.2.tgz 0ms (cache hit)
111 http cache globals@https://registry.npmjs.org/globals/-/globals-17.6.0.tgz 0ms (cache hit)
112 http cache got@https://registry.npmjs.org/got/-/got-11.8.6.tgz 0ms (cache hit)
113 http cache get-uri@https://registry.npmjs.org/get-uri/-/get-uri-6.0.5.tgz 0ms (cache hit)
114 http cache get-stream@https://registry.npmjs.org/get-stream/-/get-stream-5.2.0.tgz 0ms (cache hit)
115 http cache flatted@https://registry.npmjs.org/flatted/-/flatted-3.4.2.tgz 0ms (cache hit)
116 http cache glob-parent@https://registry.npmjs.org/glob-parent/-/glob-parent-6.0.2.tgz 0ms (cache hit)
117 http cache flat-cache@https://registry.npmjs.org/flat-cache/-/flat-cache-4.0.1.tgz 0ms (cache hit)
118 http cache find-yarn-workspace-root@https://registry.npmjs.org/find-yarn-workspace-root/-/find-yarn-workspace-root-2.0.0.tgz 0ms (cache hit)
119 http cache find-up@https://registry.npmjs.org/find-up/-/find-up-5.0.0.tgz 0ms (cache hit)
120 http cache fill-range@https://registry.npmjs.org/fill-range/-/fill-range-7.1.1.tgz 1ms (cache hit)
121 http cache file-entry-cache@https://registry.npmjs.org/file-entry-cache/-/file-entry-cache-8.0.0.tgz 0ms (cache hit)
122 http cache fast-xml-parser@https://registry.npmjs.org/fast-xml-parser/-/fast-xml-parser-5.7.1.tgz 0ms (cache hit)
123 http cache fast-xml-builder@https://registry.npmjs.org/fast-xml-builder/-/fast-xml-builder-1.2.0.tgz 0ms (cache hit)
124 http cache fast-levenshtein@https://registry.npmjs.org/fast-levenshtein/-/fast-levenshtein-2.0.6.tgz 0ms (cache hit)
125 http cache fast-json-stable-stringify@https://registry.npmjs.org/fast-json-stable-stringify/-/fast-json-stable-stringify-2.1.0.tgz 0ms (cache hit)
126 http cache fast-deep-equal@https://registry.npmjs.org/fast-deep-equal/-/fast-deep-equal-3.1.3.tgz 0ms (cache hit)
127 http cache fast-content-type-parse@https://registry.npmjs.org/fast-content-type-parse/-/fast-content-type-parse-3.0.0.tgz 0ms (cache hit)
128 http cache events@https://registry.npmjs.org/events/-/events-3.3.0.tgz 0ms (cache hit)
129 http cache esutils@https://registry.npmjs.org/esutils/-/esutils-2.0.3.tgz 0ms (cache hit)
130 http cache estraverse@https://registry.npmjs.org/estraverse/-/estraverse-5.3.0.tgz 0ms (cache hit)
131 http cache esrecurse@https://registry.npmjs.org/esrecurse/-/esrecurse-4.3.0.tgz 0ms (cache hit)
132 http cache esquery@https://registry.npmjs.org/esquery/-/esquery-1.7.0.tgz 0ms (cache hit)
133 http cache esprima@https://registry.npmjs.org/esprima/-/esprima-4.0.1.tgz 0ms (cache hit)
134 http cache espree@https://registry.npmjs.org/espree/-/espree-11.2.0.tgz 0ms (cache hit)
135 http cache eslint-visitor-keys@https://registry.npmjs.org/eslint-visitor-keys/-/eslint-visitor-keys-5.0.1.tgz 0ms (cache hit)
136 http cache eslint-scope@https://registry.npmjs.org/eslint-scope/-/eslint-scope-9.1.2.tgz 0ms (cache hit)
137 http cache eslint-plugin-cypress@https://registry.npmjs.org/eslint-plugin-cypress/-/eslint-plugin-cypress-6.4.1.tgz 0ms (cache hit)
138 http cache eslint@https://registry.npmjs.org/eslint/-/eslint-10.4.0.tgz 0ms (cache hit)
139 http cache escodegen@https://registry.npmjs.org/escodegen/-/escodegen-2.1.0.tgz 0ms (cache hit)
140 http cache escape-string-regexp@https://registry.npmjs.org/escape-string-regexp/-/escape-string-regexp-4.0.0.tgz 0ms (cache hit)
141 http cache entities@https://registry.npmjs.org/entities/-/entities-4.5.0.tgz 0ms (cache hit)
142 http cache end-of-stream@https://registry.npmjs.org/end-of-stream/-/end-of-stream-1.4.4.tgz 0ms (cache hit)
143 http cache encoding-sniffer@https://registry.npmjs.org/encoding-sniffer/-/encoding-sniffer-0.2.1.tgz 0ms (cache hit)
144 http cache domutils@https://registry.npmjs.org/domutils/-/domutils-3.2.2.tgz 0ms (cache hit)
145 http cache domhandler@https://registry.npmjs.org/domhandler/-/domhandler-5.0.3.tgz 0ms (cache hit)
146 http cache domelementtype@https://registry.npmjs.org/domelementtype/-/domelementtype-2.3.0.tgz 0ms (cache hit)
147 http cache dom-serializer@https://registry.npmjs.org/dom-serializer/-/dom-serializer-2.0.0.tgz 0ms (cache hit)
148 http cache degenerator@https://registry.npmjs.org/degenerator/-/degenerator-5.0.1.tgz 0ms (cache hit)
149 http cache defer-to-connect@https://registry.npmjs.org/defer-to-connect/-/defer-to-connect-2.0.1.tgz 0ms (cache hit)
150 http cache deep-is@https://registry.npmjs.org/deep-is/-/deep-is-0.1.4.tgz 0ms (cache hit)
151 http cache debug@https://registry.npmjs.org/debug/-/debug-4.4.3.tgz 0ms (cache hit)
152 http cache decompress-response@https://registry.npmjs.org/decompress-response/-/decompress-response-6.0.0.tgz 0ms (cache hit)
153 http cache data-uri-to-buffer@https://registry.npmjs.org/data-uri-to-buffer/-/data-uri-to-buffer-6.0.2.tgz 0ms (cache hit)
154 http cache css-what@https://registry.npmjs.org/css-what/-/css-what-6.2.2.tgz 0ms (cache hit)
155 http cache css-select@https://registry.npmjs.org/css-select/-/css-select-5.2.2.tgz 0ms (cache hit)
156 http cache cross-spawn@https://registry.npmjs.org/cross-spawn/-/cross-spawn-7.0.6.tgz 0ms (cache hit)
157 http cache concat-map@https://registry.npmjs.org/concat-map/-/concat-map-0.0.1.tgz 0ms (cache hit)
158 http cache commander@https://registry.npmjs.org/commander/-/commander-14.0.2.tgz 0ms (cache hit)
159 http cache clone-response@https://registry.npmjs.org/clone-response/-/clone-response-1.0.3.tgz 0ms (cache hit)
160 http cache cheerio-select@https://registry.npmjs.org/cheerio-select/-/cheerio-select-2.1.0.tgz 0ms (cache hit)
161 http cache cheerio@https://registry.npmjs.org/cheerio/-/cheerio-1.1.2.tgz 0ms (cache hit)
162 http cache chalk@https://registry.npmjs.org/chalk/-/chalk-5.6.2.tgz 0ms (cache hit)
163 http cache cacheable-lookup@https://registry.npmjs.org/cacheable-lookup/-/cacheable-lookup-5.0.4.tgz 0ms (cache hit)
164 http cache braces@https://registry.npmjs.org/braces/-/braces-3.0.3.tgz 0ms (cache hit)
165 http cache cacheable-request@https://registry.npmjs.org/cacheable-request/-/cacheable-request-7.0.4.tgz 0ms (cache hit)
166 http cache brace-expansion@https://registry.npmjs.org/brace-expansion/-/brace-expansion-1.1.13.tgz 1ms (cache hit)
167 http cache boolbase@https://registry.npmjs.org/boolbase/-/boolbase-1.0.0.tgz 0ms (cache hit)
168 http cache before-after-hook@https://registry.npmjs.org/before-after-hook/-/before-after-hook-4.0.0.tgz 0ms (cache hit)
169 http cache basic-ftp@https://registry.npmjs.org/basic-ftp/-/basic-ftp-5.3.1.tgz 0ms (cache hit)
170 http cache balanced-match@https://registry.npmjs.org/balanced-match/-/balanced-match-1.0.2.tgz 0ms (cache hit)
171 http cache async@https://registry.npmjs.org/async/-/async-3.2.6.tgz 0ms (cache hit)
172 http cache argument-vector@https://registry.npmjs.org/argument-vector/-/argument-vector-1.0.2.tgz 0ms (cache hit)
173 http cache ast-types@https://registry.npmjs.org/ast-types/-/ast-types-0.13.4.tgz 0ms (cache hit)
174 http cache argparse@https://registry.npmjs.org/argparse/-/argparse-2.0.1.tgz 0ms (cache hit)
175 http cache ajv@https://registry.npmjs.org/ajv/-/ajv-6.14.0.tgz 0ms (cache hit)
176 http cache agent-base@https://registry.npmjs.org/agent-base/-/agent-base-7.1.3.tgz 0ms (cache hit)
177 http cache acorn@https://registry.npmjs.org/acorn/-/acorn-8.16.0.tgz 0ms (cache hit)
178 http cache @vercel/ncc@https://registry.npmjs.org/@vercel/ncc/-/ncc-0.44.0.tgz 0ms (cache hit)
179 http cache acorn-jsx@https://registry.npmjs.org/acorn-jsx/-/acorn-jsx-5.3.2.tgz 0ms (cache hit)
180 http cache @typespec/ts-http-runtime@https://registry.npmjs.org/@typespec/ts-http-runtime/-/ts-http-runtime-0.3.3.tgz 0ms (cache hit)
181 http cache @typescript-eslint/types@https://registry.npmjs.org/@typescript-eslint/types/-/types-8.56.0.tgz 0ms (cache hit)
182 http cache @types/responselike@https://registry.npmjs.org/@types/responselike/-/responselike-1.0.3.tgz 0ms (cache hit)
183 http cache @types/node@https://registry.npmjs.org/@types/node/-/node-25.4.0.tgz 0ms (cache hit)
184 http cache @types/keyv@https://registry.npmjs.org/@types/keyv/-/keyv-3.1.4.tgz 0ms (cache hit)
185 http cache @types/json-schema@https://registry.npmjs.org/@types/json-schema/-/json-schema-7.0.15.tgz 0ms (cache hit)
186 http cache @types/http-cache-semantics@https://registry.npmjs.org/@types/http-cache-semantics/-/http-cache-semantics-4.0.4.tgz 0ms (cache hit)
187 http cache @types/esrecurse@https://registry.npmjs.org/@types/esrecurse/-/esrecurse-4.3.1.tgz 0ms (cache hit)
188 http cache @types/cacheable-request@https://registry.npmjs.org/@types/cacheable-request/-/cacheable-request-6.0.3.tgz 0ms (cache hit)
189 http cache @types/estree@https://registry.npmjs.org/@types/estree/-/estree-1.0.8.tgz 0ms (cache hit)
190 http cache @tootallnate/quickjs-emscripten@https://registry.npmjs.org/@tootallnate/quickjs-emscripten/-/quickjs-emscripten-0.23.0.tgz 0ms (cache hit)
191 http cache @szmarczak/http-timer@https://registry.npmjs.org/@szmarczak/http-timer/-/http-timer-4.0.6.tgz 0ms (cache hit)
192 http cache @stylistic/eslint-plugin@https://registry.npmjs.org/@stylistic/eslint-plugin/-/eslint-plugin-5.10.0.tgz 0ms (cache hit)
193 http cache @sindresorhus/is@https://registry.npmjs.org/@sindresorhus/is/-/is-4.6.0.tgz 0ms (cache hit)
194 http cache @protobuf-ts/runtime-rpc@https://registry.npmjs.org/@protobuf-ts/runtime-rpc/-/runtime-rpc-2.11.1.tgz 0ms (cache hit)
195 http cache @protobuf-ts/runtime@https://registry.npmjs.org/@protobuf-ts/runtime/-/runtime-2.11.1.tgz 0ms (cache hit)
196 http cache @oozcitak/util@https://registry.npmjs.org/@oozcitak/util/-/util-9.0.4.tgz 0ms (cache hit)
197 http cache @oozcitak/url@https://registry.npmjs.org/@oozcitak/url/-/url-2.0.1.tgz 0ms (cache hit)
198 http cache @oozcitak/infra@https://registry.npmjs.org/@oozcitak/infra/-/infra-2.0.1.tgz 0ms (cache hit)
199 http cache @oozcitak/dom@https://registry.npmjs.org/@oozcitak/dom/-/dom-2.0.1.tgz 0ms (cache hit)
200 http cache @octokit/types@https://registry.npmjs.org/@octokit/types/-/types-16.0.0.tgz 0ms (cache hit)
201 http cache @octokit/request-error@https://registry.npmjs.org/@octokit/request-error/-/request-error-7.1.0.tgz 0ms (cache hit)
202 http cache @octokit/request@https://registry.npmjs.org/@octokit/request/-/request-10.0.7.tgz 0ms (cache hit)
203 http cache @octokit/openapi-types@https://registry.npmjs.org/@octokit/openapi-types/-/openapi-types-27.0.0.tgz 0ms (cache hit)
204 http cache @octokit/graphql@https://registry.npmjs.org/@octokit/graphql/-/graphql-9.0.3.tgz 0ms (cache hit)
205 http cache @octokit/endpoint@https://registry.npmjs.org/@octokit/endpoint/-/endpoint-11.0.2.tgz 0ms (cache hit)
206 http cache @octokit/core@https://registry.npmjs.org/@octokit/core/-/core-7.0.6.tgz 0ms (cache hit)
207 http cache @octokit/auth-token@https://registry.npmjs.org/@octokit/auth-token/-/auth-token-6.0.0.tgz 0ms (cache hit)
208 http cache @nodable/entities@https://registry.npmjs.org/@nodable/entities/-/entities-2.1.0.tgz 0ms (cache hit)
209 http cache @humanwhocodes/retry@https://registry.npmjs.org/@humanwhocodes/retry/-/retry-0.4.2.tgz 0ms (cache hit)
210 http cache @humanfs/node@https://registry.npmjs.org/@humanfs/node/-/node-0.16.6.tgz 0ms (cache hit)
211 http cache @humanwhocodes/module-importer@https://registry.npmjs.org/@humanwhocodes/module-importer/-/module-importer-1.0.1.tgz 0ms (cache hit)
212 http cache @humanfs/core@https://registry.npmjs.org/@humanfs/core/-/core-0.19.1.tgz 0ms (cache hit)
213 http cache @eslint/plugin-kit@https://registry.npmjs.org/@eslint/plugin-kit/-/plugin-kit-0.7.1.tgz 0ms (cache hit)
214 http cache @eslint/object-schema@https://registry.npmjs.org/@eslint/object-schema/-/object-schema-3.0.5.tgz 0ms (cache hit)
215 http cache @eslint/js@https://registry.npmjs.org/@eslint/js/-/js-10.0.1.tgz 0ms (cache hit)
216 http cache @eslint/core@https://registry.npmjs.org/@eslint/core/-/core-1.2.1.tgz 0ms (cache hit)
217 http cache @eslint/config-array@https://registry.npmjs.org/@eslint/config-array/-/config-array-0.23.5.tgz 0ms (cache hit)
218 http cache @eslint-community/regexpp@https://registry.npmjs.org/@eslint-community/regexpp/-/regexpp-4.12.2.tgz 0ms (cache hit)
219 http cache @eslint/config-helpers@https://registry.npmjs.org/@eslint/config-helpers/-/config-helpers-0.6.0.tgz 0ms (cache hit)
220 http cache @eslint-community/eslint-utils@https://registry.npmjs.org/@eslint-community/eslint-utils/-/eslint-utils-4.9.1.tgz 0ms (cache hit)
221 http cache @azure/storage-common@https://registry.npmjs.org/@azure/storage-common/-/storage-common-12.3.0.tgz 0ms (cache hit)
222 http cache @azure/storage-blob@https://registry.npmjs.org/@azure/storage-blob/-/storage-blob-12.31.0.tgz 0ms (cache hit)
223 http cache @azure/logger@https://registry.npmjs.org/@azure/logger/-/logger-1.3.0.tgz 0ms (cache hit)
224 http cache @azure/core-xml@https://registry.npmjs.org/@azure/core-xml/-/core-xml-1.5.0.tgz 0ms (cache hit)
225 http cache @azure/core-util@https://registry.npmjs.org/@azure/core-util/-/core-util-1.13.1.tgz 0ms (cache hit)
226 http cache @azure/core-tracing@https://registry.npmjs.org/@azure/core-tracing/-/core-tracing-1.3.1.tgz 0ms (cache hit)
227 http cache @azure/core-rest-pipeline@https://registry.npmjs.org/@azure/core-rest-pipeline/-/core-rest-pipeline-1.22.2.tgz 0ms (cache hit)
228 http cache @azure/core-paging@https://registry.npmjs.org/@azure/core-paging/-/core-paging-1.6.2.tgz 0ms (cache hit)
229 http cache @azure/core-lro@https://registry.npmjs.org/@azure/core-lro/-/core-lro-2.7.2.tgz 0ms (cache hit)
230 http cache @azure/core-http-compat@https://registry.npmjs.org/@azure/core-http-compat/-/core-http-compat-2.3.2.tgz 0ms (cache hit)
231 http cache @azure/core-client@https://registry.npmjs.org/@azure/core-client/-/core-client-1.10.1.tgz 0ms (cache hit)
232 http cache @azure/core-auth@https://registry.npmjs.org/@azure/core-auth/-/core-auth-1.10.1.tgz 0ms (cache hit)
233 http cache @azure/abort-controller@https://registry.npmjs.org/@azure/abort-controller/-/abort-controller-1.1.0.tgz 0ms (cache hit)
234 http cache @actions/io@https://registry.npmjs.org/@actions/io/-/io-2.0.0.tgz 0ms (cache hit)
235 http cache @actions/http-client@https://registry.npmjs.org/@actions/http-client/-/http-client-3.0.2.tgz 0ms (cache hit)
236 http cache @actions/glob@https://registry.npmjs.org/@actions/glob/-/glob-0.5.1.tgz 0ms (cache hit)
237 http cache @actions/exec@https://registry.npmjs.org/@actions/exec/-/exec-2.0.0.tgz 0ms (cache hit)
238 http cache @actions/core@https://registry.npmjs.org/@actions/core/-/core-2.0.3.tgz 0ms (cache hit)
239 http cache @actions/cache@https://registry.npmjs.org/@actions/cache/-/cache-5.0.5.tgz 0ms (cache hit)
240 http cache entities@https://registry.npmjs.org/entities/-/entities-6.0.1.tgz 0ms (cache hit)
241 http cache brace-expansion@https://registry.npmjs.org/brace-expansion/-/brace-expansion-5.0.6.tgz 0ms (cache hit)
242 http cache entities@https://registry.npmjs.org/entities/-/entities-6.0.1.tgz 0ms (cache hit)
243 http cache minimatch@https://registry.npmjs.org/minimatch/-/minimatch-10.2.5.tgz 0ms (cache hit)
244 http cache balanced-match@https://registry.npmjs.org/balanced-match/-/balanced-match-4.0.4.tgz 0ms (cache hit)
245 http cache mimic-response@https://registry.npmjs.org/mimic-response/-/mimic-response-3.1.0.tgz 0ms (cache hit)
246 http cache undici@https://registry.npmjs.org/undici/-/undici-7.28.0.tgz 0ms (cache hit)
247 http cache ms@https://registry.npmjs.org/ms/-/ms-2.0.0.tgz 0ms (cache hit)
248 http cache debug@https://registry.npmjs.org/debug/-/debug-2.6.9.tgz 0ms (cache hit)
249 http cache picomatch@https://registry.npmjs.org/picomatch/-/picomatch-4.0.4.tgz 0ms (cache hit)
250 http cache espree@https://registry.npmjs.org/espree/-/espree-10.4.0.tgz 0ms (cache hit)
251 http cache eslint-visitor-keys@https://registry.npmjs.org/eslint-visitor-keys/-/eslint-visitor-keys-4.2.1.tgz 0ms (cache hit)
252 http cache @humanwhocodes/retry@https://registry.npmjs.org/@humanwhocodes/retry/-/retry-0.3.1.tgz 0ms (cache hit)
253 http cache minimatch@https://registry.npmjs.org/minimatch/-/minimatch-10.2.4.tgz 0ms (cache hit)
254 http cache brace-expansion@https://registry.npmjs.org/brace-expansion/-/brace-expansion-5.0.6.tgz 0ms (cache hit)
255 http cache balanced-match@https://registry.npmjs.org/balanced-match/-/balanced-match-4.0.3.tgz 0ms (cache hit)
256 http cache @azure/abort-controller@https://registry.npmjs.org/@azure/abort-controller/-/abort-controller-2.1.2.tgz 0ms (cache hit)
257 http cache @azure/abort-controller@https://registry.npmjs.org/@azure/abort-controller/-/abort-controller-2.1.2.tgz 0ms (cache hit)
258 http cache eslint-visitor-keys@https://registry.npmjs.org/eslint-visitor-keys/-/eslint-visitor-keys-3.4.3.tgz 0ms (cache hit)
259 http cache @azure/abort-controller@https://registry.npmjs.org/@azure/abort-controller/-/abort-controller-2.1.2.tgz 0ms (cache hit)
260 http cache @azure/abort-controller@https://registry.npmjs.org/@azure/abort-controller/-/abort-controller-2.1.2.tgz 0ms (cache hit)
261 http cache @azure/abort-controller@https://registry.npmjs.org/@azure/abort-controller/-/abort-controller-2.1.2.tgz 0ms (cache hit)
262 http cache @azure/abort-controller@https://registry.npmjs.org/@azure/abort-controller/-/abort-controller-2.1.2.tgz 0ms (cache hit)
263 silly tarball no local data for yocto-queue@https://registry.npmjs.org/yocto-queue/-/yocto-queue-0.1.0.tgz. Extracting by manifest.
264 silly tarball no local data for xmlbuilder2@https://registry.npmjs.org/xmlbuilder2/-/xmlbuilder2-4.0.0.tgz. Extracting by manifest.
265 silly tarball no local data for xml-naming@https://registry.npmjs.org/xml-naming/-/xml-naming-0.1.0.tgz. Extracting by manifest.
266 http cache @azure/abort-controller@https://registry.npmjs.org/@azure/abort-controller/-/abort-controller-2.1.2.tgz 0ms (cache hit)
267 http cache @azure/abort-controller@https://registry.npmjs.org/@azure/abort-controller/-/abort-controller-2.1.2.tgz 0ms (cache hit)
268 silly tarball no local data for wrappy@https://registry.npmjs.org/wrappy/-/wrappy-1.0.2.tgz. Extracting by manifest.
269 silly tarball no local data for which@https://registry.npmjs.org/which/-/which-2.0.2.tgz. Extracting by manifest.
270 silly tarball no local data for word-wrap@https://registry.npmjs.org/word-wrap/-/word-wrap-1.2.5.tgz. Extracting by manifest.
271 silly tarball no local data for whatwg-encoding@https://registry.npmjs.org/whatwg-encoding/-/whatwg-encoding-3.1.1.tgz. Extracting by manifest.
272 silly tarball no local data for whatwg-mimetype@https://registry.npmjs.org/whatwg-mimetype/-/whatwg-mimetype-4.0.0.tgz. Extracting by manifest.
273 silly tarball no local data for validator@https://registry.npmjs.org/validator/-/validator-13.15.23.tgz. Extracting by manifest.
274 silly tarball no local data for uri-js@https://registry.npmjs.org/uri-js/-/uri-js-4.4.1.tgz. Extracting by manifest.
275 silly tarball no local data for universal-user-agent@https://registry.npmjs.org/universal-user-agent/-/universal-user-agent-7.0.3.tgz. Extracting by manifest.
276 silly tarball no local data for undici-types@https://registry.npmjs.org/undici-types/-/undici-types-7.18.2.tgz. Extracting by manifest.
277 silly tarball no local data for type-fest@https://registry.npmjs.org/type-fest/-/type-fest-0.8.1.tgz. Extracting by manifest.
278 silly tarball no local data for undici@https://registry.npmjs.org/undici/-/undici-6.27.0.tgz. Extracting by manifest.
279 silly tarball no local data for type-check@https://registry.npmjs.org/type-check/-/type-check-0.4.0.tgz. Extracting by manifest.
280 silly tarball no local data for tslib@https://registry.npmjs.org/tslib/-/tslib-2.8.1.tgz. Extracting by manifest.
281 silly tarball no local data for tunnel@https://registry.npmjs.org/tunnel/-/tunnel-0.0.6.tgz. Extracting by manifest.
282 silly tarball no local data for to-regex-range@https://registry.npmjs.org/to-regex-range/-/to-regex-range-5.0.1.tgz. Extracting by manifest.
283 silly tarball no local data for supports-color@https://registry.npmjs.org/supports-color/-/supports-color-9.3.1.tgz. Extracting by manifest.
284 silly tarball no local data for strnum@https://registry.npmjs.org/strnum/-/strnum-2.2.3.tgz. Extracting by manifest.
285 silly tarball no local data for source-map@https://registry.npmjs.org/source-map/-/source-map-0.6.1.tgz. Extracting by manifest.
286 silly tarball no local data for socks-proxy-agent@https://registry.npmjs.org/socks-proxy-agent/-/socks-proxy-agent-8.0.5.tgz. Extracting by manifest.
287 silly tarball no local data for socks@https://registry.npmjs.org/socks/-/socks-2.8.7.tgz. Extracting by manifest.
288 silly tarball no local data for smart-buffer@https://registry.npmjs.org/smart-buffer/-/smart-buffer-4.2.0.tgz. Extracting by manifest.
289 silly tarball no local data for shebang-regex@https://registry.npmjs.org/shebang-regex/-/shebang-regex-3.0.0.tgz. Extracting by manifest.
290 silly tarball no local data for semver@https://registry.npmjs.org/semver/-/semver-6.3.1.tgz. Extracting by manifest.
291 silly tarball no local data for sax@https://registry.npmjs.org/sax/-/sax-1.4.1.tgz. Extracting by manifest.
292 silly tarball no local data for shebang-command@https://registry.npmjs.org/shebang-command/-/shebang-command-2.0.0.tgz. Extracting by manifest.
293 silly tarball no local data for safer-buffer@https://registry.npmjs.org/safer-buffer/-/safer-buffer-2.1.2.tgz. Extracting by manifest.
294 silly tarball no local data for responselike@https://registry.npmjs.org/responselike/-/responselike-2.0.1.tgz. Extracting by manifest.
295 silly tarball no local data for resolve-alpn@https://registry.npmjs.org/resolve-alpn/-/resolve-alpn-1.2.1.tgz. Extracting by manifest.
296 silly tarball no local data for quick-lru@https://registry.npmjs.org/quick-lru/-/quick-lru-5.1.1.tgz. Extracting by manifest.
297 silly tarball no local data for quote@https://registry.npmjs.org/quote/-/quote-0.4.0.tgz. Extracting by manifest.
298 silly tarball no local data for punycode@https://registry.npmjs.org/punycode/-/punycode-2.3.1.tgz. Extracting by manifest.
299 silly tarball no local data for proxy-from-env@https://registry.npmjs.org/proxy-from-env/-/proxy-from-env-1.1.0.tgz. Extracting by manifest.
300 silly tarball no local data for pump@https://registry.npmjs.org/pump/-/pump-3.0.2.tgz. Extracting by manifest.
301 silly tarball no local data for proxy-agent@https://registry.npmjs.org/proxy-agent/-/proxy-agent-6.5.0.tgz. Extracting by manifest.
302 silly tarball no local data for progress@https://registry.npmjs.org/progress/-/progress-2.0.3.tgz. Extracting by manifest.
303 silly tarball no local data for prettier@https://registry.npmjs.org/prettier/-/prettier-3.8.4.tgz. Extracting by manifest.
304 silly tarball no local data for prelude-ls@https://registry.npmjs.org/prelude-ls/-/prelude-ls-1.2.1.tgz. Extracting by manifest.
305 silly tarball no local data for path-key@https://registry.npmjs.org/path-key/-/path-key-3.1.1.tgz. Extracting by manifest.
306 silly tarball no local data for picomatch@https://registry.npmjs.org/picomatch/-/picomatch-2.3.2.tgz. Extracting by manifest.
307 silly tarball no local data for path-expression-matcher@https://registry.npmjs.org/path-expression-matcher/-/path-expression-matcher-1.5.0.tgz. Extracting by manifest.
308 silly tarball no local data for parse5-parser-stream@https://registry.npmjs.org/parse5-parser-stream/-/parse5-parser-stream-7.1.2.tgz. Extracting by manifest.
309 silly tarball no local data for parse5-htmlparser2-tree-adapter@https://registry.npmjs.org/parse5-htmlparser2-tree-adapter/-/parse5-htmlparser2-tree-adapter-7.1.0.tgz. Extracting by manifest.
310 silly tarball no local data for path-exists@https://registry.npmjs.org/path-exists/-/path-exists-4.0.0.tgz. Extracting by manifest.
311 silly tarball no local data for parse5@https://registry.npmjs.org/parse5/-/parse5-7.3.0.tgz. Extracting by manifest.
312 silly tarball no local data for p-locate@https://registry.npmjs.org/p-locate/-/p-locate-5.0.0.tgz. Extracting by manifest.
313 silly tarball no local data for pac-proxy-agent@https://registry.npmjs.org/pac-proxy-agent/-/pac-proxy-agent-7.2.0.tgz. Extracting by manifest.
314 silly tarball no local data for p-limit@https://registry.npmjs.org/p-limit/-/p-limit-3.1.0.tgz. Extracting by manifest.
315 silly tarball no local data for optionator@https://registry.npmjs.org/optionator/-/optionator-0.9.4.tgz. Extracting by manifest.
316 silly tarball no local data for p-cancelable@https://registry.npmjs.org/p-cancelable/-/p-cancelable-2.1.1.tgz. Extracting by manifest.
317 silly tarball no local data for once@https://registry.npmjs.org/once/-/once-1.4.0.tgz. Extracting by manifest.
318 silly tarball no local data for nth-check@https://registry.npmjs.org/nth-check/-/nth-check-2.1.1.tgz. Extracting by manifest.
319 silly tarball no local data for normalize-url@https://registry.npmjs.org/normalize-url/-/normalize-url-6.1.0.tgz. Extracting by manifest.
320 silly tarball no local data for node-email-verifier@https://registry.npmjs.org/node-email-verifier/-/node-email-verifier-3.4.1.tgz. Extracting by manifest.
321 silly tarball no local data for netmask@https://registry.npmjs.org/netmask/-/netmask-2.0.2.tgz. Extracting by manifest.
322 silly tarball no local data for pac-resolver@https://registry.npmjs.org/pac-resolver/-/pac-resolver-7.0.1.tgz. Extracting by manifest.
323 silly tarball no local data for needle@https://registry.npmjs.org/needle/-/needle-3.3.1.tgz. Extracting by manifest.
324 silly tarball no local data for natural-compare@https://registry.npmjs.org/natural-compare/-/natural-compare-1.4.0.tgz. Extracting by manifest.
325 silly tarball no local data for ms@https://registry.npmjs.org/ms/-/ms-2.1.3.tgz. Extracting by manifest.
326 silly tarball no local data for minimatch@https://registry.npmjs.org/minimatch/-/minimatch-3.1.5.tgz. Extracting by manifest.
327 silly tarball no local data for micromatch@https://registry.npmjs.org/micromatch/-/micromatch-4.0.8.tgz. Extracting by manifest.
328 silly tarball no local data for mimic-response@https://registry.npmjs.org/mimic-response/-/mimic-response-1.0.1.tgz. Extracting by manifest.
329 silly tarball no local data for marked@https://registry.npmjs.org/marked/-/marked-17.0.0.tgz. Extracting by manifest.
330 silly tarball no local data for markdown-link-check@https://registry.npmjs.org/markdown-link-check/-/markdown-link-check-3.14.2.tgz. Extracting by manifest.
331 silly tarball no local data for markdown-link-extractor@https://registry.npmjs.org/markdown-link-extractor/-/markdown-link-extractor-4.0.3.tgz. Extracting by manifest.
332 silly tarball no local data for lru-cache@https://registry.npmjs.org/lru-cache/-/lru-cache-7.18.3.tgz. Extracting by manifest.
333 silly tarball no local data for locate-path@https://registry.npmjs.org/locate-path/-/locate-path-6.0.0.tgz. Extracting by manifest.
334 silly tarball no local data for lowercase-keys@https://registry.npmjs.org/lowercase-keys/-/lowercase-keys-2.0.0.tgz. Extracting by manifest.
335 silly tarball no local data for link-check@https://registry.npmjs.org/link-check/-/link-check-5.5.1.tgz. Extracting by manifest.
336 silly tarball no local data for levn@https://registry.npmjs.org/levn/-/levn-0.4.1.tgz. Extracting by manifest.
337 silly tarball no local data for keyv@https://registry.npmjs.org/keyv/-/keyv-4.5.4.tgz. Extracting by manifest.
338 silly tarball no local data for json-stable-stringify-without-jsonify@https://registry.npmjs.org/json-stable-stringify-without-jsonify/-/json-stable-stringify-without-jsonify-1.0.1.tgz. Extracting by manifest.
339 silly tarball no local data for json-schema-traverse@https://registry.npmjs.org/json-schema-traverse/-/json-schema-traverse-0.4.1.tgz. Extracting by manifest.
340 silly tarball no local data for json-buffer@https://registry.npmjs.org/json-buffer/-/json-buffer-3.0.1.tgz. Extracting by manifest.
341 silly tarball no local data for js-yaml@https://registry.npmjs.org/js-yaml/-/js-yaml-4.2.0.tgz. Extracting by manifest.
342 silly tarball no local data for is-stream@https://registry.npmjs.org/is-stream/-/is-stream-2.0.1.tgz. Extracting by manifest.
343 silly tarball no local data for isexe@https://registry.npmjs.org/isexe/-/isexe-2.0.0.tgz. Extracting by manifest.
344 silly tarball no local data for is-relative-url@https://registry.npmjs.org/is-relative-url/-/is-relative-url-4.1.0.tgz. Extracting by manifest.
345 silly tarball no local data for is-number@https://registry.npmjs.org/is-number/-/is-number-7.0.0.tgz. Extracting by manifest.
346 silly tarball no local data for is-glob@https://registry.npmjs.org/is-glob/-/is-glob-4.0.3.tgz. Extracting by manifest.
347 silly tarball no local data for is-extglob@https://registry.npmjs.org/is-extglob/-/is-extglob-2.1.1.tgz. Extracting by manifest.
348 silly tarball no local data for is-absolute-url@https://registry.npmjs.org/is-absolute-url/-/is-absolute-url-4.0.1.tgz. Extracting by manifest.
349 silly tarball no local data for imurmurhash@https://registry.npmjs.org/imurmurhash/-/imurmurhash-0.1.4.tgz. Extracting by manifest.
350 silly tarball no local data for ip-address@https://registry.npmjs.org/ip-address/-/ip-address-10.2.0.tgz. Extracting by manifest.
351 silly tarball no local data for ignore@https://registry.npmjs.org/ignore/-/ignore-5.3.2.tgz. Extracting by manifest.
352 silly tarball no local data for iconv-lite@https://registry.npmjs.org/iconv-lite/-/iconv-lite-0.6.3.tgz. Extracting by manifest.
353 silly tarball no local data for husky@https://registry.npmjs.org/husky/-/husky-9.1.7.tgz. Extracting by manifest.
354 silly tarball no local data for https-proxy-agent@https://registry.npmjs.org/https-proxy-agent/-/https-proxy-agent-7.0.6.tgz. Extracting by manifest.
355 silly tarball no local data for http-proxy-agent@https://registry.npmjs.org/http-proxy-agent/-/http-proxy-agent-7.0.2.tgz. Extracting by manifest.
356 silly tarball no local data for http2-wrapper@https://registry.npmjs.org/http2-wrapper/-/http2-wrapper-1.0.3.tgz. Extracting by manifest.
357 silly tarball no local data for htmlparser2@https://registry.npmjs.org/htmlparser2/-/htmlparser2-10.0.0.tgz. Extracting by manifest.
358 silly tarball no local data for http-cache-semantics@https://registry.npmjs.org/http-cache-semantics/-/http-cache-semantics-4.1.1.tgz. Extracting by manifest.
359 silly tarball no local data for html-link-extractor@https://registry.npmjs.org/html-link-extractor/-/html-link-extractor-1.0.5.tgz. Extracting by manifest.
360 silly tarball no local data for hasha@https://registry.npmjs.org/hasha/-/hasha-5.2.2.tgz. Extracting by manifest.
361 silly tarball no local data for globals@https://registry.npmjs.org/globals/-/globals-17.6.0.tgz. Extracting by manifest.
362 silly tarball no local data for got@https://registry.npmjs.org/got/-/got-11.8.6.tgz. Extracting by manifest.
363 silly tarball no local data for get-uri@https://registry.npmjs.org/get-uri/-/get-uri-6.0.5.tgz. Extracting by manifest.
364 silly tarball no local data for get-stream@https://registry.npmjs.org/get-stream/-/get-stream-5.2.0.tgz. Extracting by manifest.
365 silly tarball no local data for flatted@https://registry.npmjs.org/flatted/-/flatted-3.4.2.tgz. Extracting by manifest.
366 silly tarball no local data for glob-parent@https://registry.npmjs.org/glob-parent/-/glob-parent-6.0.2.tgz. Extracting by manifest.
367 silly tarball no local data for flat-cache@https://registry.npmjs.org/flat-cache/-/flat-cache-4.0.1.tgz. Extracting by manifest.
368 silly tarball no local data for find-yarn-workspace-root@https://registry.npmjs.org/find-yarn-workspace-root/-/find-yarn-workspace-root-2.0.0.tgz. Extracting by manifest.
369 silly tarball no local data for find-up@https://registry.npmjs.org/find-up/-/find-up-5.0.0.tgz. Extracting by manifest.
370 silly tarball no local data for fill-range@https://registry.npmjs.org/fill-range/-/fill-range-7.1.1.tgz. Extracting by manifest.
371 silly tarball no local data for file-entry-cache@https://registry.npmjs.org/file-entry-cache/-/file-entry-cache-8.0.0.tgz. Extracting by manifest.
372 silly tarball no local data for fast-xml-parser@https://registry.npmjs.org/fast-xml-parser/-/fast-xml-parser-5.7.1.tgz. Extracting by manifest.
373 silly tarball no local data for fast-xml-builder@https://registry.npmjs.org/fast-xml-builder/-/fast-xml-builder-1.2.0.tgz. Extracting by manifest.
374 silly tarball no local data for fast-levenshtein@https://registry.npmjs.org/fast-levenshtein/-/fast-levenshtein-2.0.6.tgz. Extracting by manifest.
375 silly tarball no local data for fast-json-stable-stringify@https://registry.npmjs.org/fast-json-stable-stringify/-/fast-json-stable-stringify-2.1.0.tgz. Extracting by manifest.
376 silly tarball no local data for fast-deep-equal@https://registry.npmjs.org/fast-deep-equal/-/fast-deep-equal-3.1.3.tgz. Extracting by manifest.
377 silly tarball no local data for fast-content-type-parse@https://registry.npmjs.org/fast-content-type-parse/-/fast-content-type-parse-3.0.0.tgz. Extracting by manifest.
378 silly tarball no local data for events@https://registry.npmjs.org/events/-/events-3.3.0.tgz. Extracting by manifest.
379 silly tarball no local data for esutils@https://registry.npmjs.org/esutils/-/esutils-2.0.3.tgz. Extracting by manifest.
380 silly tarball no local data for estraverse@https://registry.npmjs.org/estraverse/-/estraverse-5.3.0.tgz. Extracting by manifest.
381 silly tarball no local data for esrecurse@https://registry.npmjs.org/esrecurse/-/esrecurse-4.3.0.tgz. Extracting by manifest.
382 silly tarball no local data for esquery@https://registry.npmjs.org/esquery/-/esquery-1.7.0.tgz. Extracting by manifest.
383 silly tarball no local data for esprima@https://registry.npmjs.org/esprima/-/esprima-4.0.1.tgz. Extracting by manifest.
384 silly tarball no local data for espree@https://registry.npmjs.org/espree/-/espree-11.2.0.tgz. Extracting by manifest.
385 silly tarball no local data for eslint-visitor-keys@https://registry.npmjs.org/eslint-visitor-keys/-/eslint-visitor-keys-5.0.1.tgz. Extracting by manifest.
386 silly tarball no local data for eslint-scope@https://registry.npmjs.org/eslint-scope/-/eslint-scope-9.1.2.tgz. Extracting by manifest.
387 silly tarball no local data for eslint-plugin-cypress@https://registry.npmjs.org/eslint-plugin-cypress/-/eslint-plugin-cypress-6.4.1.tgz. Extracting by manifest.
388 silly tarball no local data for eslint@https://registry.npmjs.org/eslint/-/eslint-10.4.0.tgz. Extracting by manifest.
389 silly tarball no local data for escodegen@https://registry.npmjs.org/escodegen/-/escodegen-2.1.0.tgz. Extracting by manifest.
390 silly tarball no local data for escape-string-regexp@https://registry.npmjs.org/escape-string-regexp/-/escape-string-regexp-4.0.0.tgz. Extracting by manifest.
391 silly tarball no local data for entities@https://registry.npmjs.org/entities/-/entities-4.5.0.tgz. Extracting by manifest.
392 silly tarball no local data for end-of-stream@https://registry.npmjs.org/end-of-stream/-/end-of-stream-1.4.4.tgz. Extracting by manifest.
393 silly tarball no local data for encoding-sniffer@https://registry.npmjs.org/encoding-sniffer/-/encoding-sniffer-0.2.1.tgz. Extracting by manifest.
394 silly tarball no local data for domutils@https://registry.npmjs.org/domutils/-/domutils-3.2.2.tgz. Extracting by manifest.
395 silly tarball no local data for domhandler@https://registry.npmjs.org/domhandler/-/domhandler-5.0.3.tgz. Extracting by manifest.
396 silly tarball no local data for domelementtype@https://registry.npmjs.org/domelementtype/-/domelementtype-2.3.0.tgz. Extracting by manifest.
397 silly tarball no local data for dom-serializer@https://registry.npmjs.org/dom-serializer/-/dom-serializer-2.0.0.tgz. Extracting by manifest.
398 silly tarball no local data for degenerator@https://registry.npmjs.org/degenerator/-/degenerator-5.0.1.tgz. Extracting by manifest.
399 silly tarball no local data for defer-to-connect@https://registry.npmjs.org/defer-to-connect/-/defer-to-connect-2.0.1.tgz. Extracting by manifest.
400 silly tarball no local data for deep-is@https://registry.npmjs.org/deep-is/-/deep-is-0.1.4.tgz. Extracting by manifest.
401 silly tarball no local data for debug@https://registry.npmjs.org/debug/-/debug-4.4.3.tgz. Extracting by manifest.
402 silly tarball no local data for decompress-response@https://registry.npmjs.org/decompress-response/-/decompress-response-6.0.0.tgz. Extracting by manifest.
403 silly tarball no local data for data-uri-to-buffer@https://registry.npmjs.org/data-uri-to-buffer/-/data-uri-to-buffer-6.0.2.tgz. Extracting by manifest.
404 silly tarball no local data for css-what@https://registry.npmjs.org/css-what/-/css-what-6.2.2.tgz. Extracting by manifest.
405 silly tarball no local data for css-select@https://registry.npmjs.org/css-select/-/css-select-5.2.2.tgz. Extracting by manifest.
406 silly tarball no local data for cross-spawn@https://registry.npmjs.org/cross-spawn/-/cross-spawn-7.0.6.tgz. Extracting by manifest.
407 silly tarball no local data for concat-map@https://registry.npmjs.org/concat-map/-/concat-map-0.0.1.tgz. Extracting by manifest.
408 silly tarball no local data for commander@https://registry.npmjs.org/commander/-/commander-14.0.2.tgz. Extracting by manifest.
409 silly tarball no local data for clone-response@https://registry.npmjs.org/clone-response/-/clone-response-1.0.3.tgz. Extracting by manifest.
410 silly tarball no local data for cheerio-select@https://registry.npmjs.org/cheerio-select/-/cheerio-select-2.1.0.tgz. Extracting by manifest.
411 silly tarball no local data for cheerio@https://registry.npmjs.org/cheerio/-/cheerio-1.1.2.tgz. Extracting by manifest.
412 silly tarball no local data for chalk@https://registry.npmjs.org/chalk/-/chalk-5.6.2.tgz. Extracting by manifest.
413 silly tarball no local data for cacheable-lookup@https://registry.npmjs.org/cacheable-lookup/-/cacheable-lookup-5.0.4.tgz. Extracting by manifest.
414 silly tarball no local data for braces@https://registry.npmjs.org/braces/-/braces-3.0.3.tgz. Extracting by manifest.
415 silly tarball no local data for cacheable-request@https://registry.npmjs.org/cacheable-request/-/cacheable-request-7.0.4.tgz. Extracting by manifest.
416 silly tarball no local data for brace-expansion@https://registry.npmjs.org/brace-expansion/-/brace-expansion-1.1.13.tgz. Extracting by manifest.
417 silly tarball no local data for boolbase@https://registry.npmjs.org/boolbase/-/boolbase-1.0.0.tgz. Extracting by manifest.
418 silly tarball no local data for before-after-hook@https://registry.npmjs.org/before-after-hook/-/before-after-hook-4.0.0.tgz. Extracting by manifest.
419 silly tarball no local data for basic-ftp@https://registry.npmjs.org/basic-ftp/-/basic-ftp-5.3.1.tgz. Extracting by manifest.
420 silly tarball no local data for balanced-match@https://registry.npmjs.org/balanced-match/-/balanced-match-1.0.2.tgz. Extracting by manifest.
421 silly tarball no local data for async@https://registry.npmjs.org/async/-/async-3.2.6.tgz. Extracting by manifest.
422 silly tarball no local data for argument-vector@https://registry.npmjs.org/argument-vector/-/argument-vector-1.0.2.tgz. Extracting by manifest.
423 silly tarball no local data for ast-types@https://registry.npmjs.org/ast-types/-/ast-types-0.13.4.tgz. Extracting by manifest.
424 silly tarball no local data for argparse@https://registry.npmjs.org/argparse/-/argparse-2.0.1.tgz. Extracting by manifest.
425 silly tarball no local data for ajv@https://registry.npmjs.org/ajv/-/ajv-6.14.0.tgz. Extracting by manifest.
426 silly tarball no local data for agent-base@https://registry.npmjs.org/agent-base/-/agent-base-7.1.3.tgz. Extracting by manifest.
427 silly tarball no local data for acorn@https://registry.npmjs.org/acorn/-/acorn-8.16.0.tgz. Extracting by manifest.
428 silly tarball no local data for @vercel/ncc@https://registry.npmjs.org/@vercel/ncc/-/ncc-0.44.0.tgz. Extracting by manifest.
429 silly tarball no local data for acorn-jsx@https://registry.npmjs.org/acorn-jsx/-/acorn-jsx-5.3.2.tgz. Extracting by manifest.
430 silly tarball no local data for @typespec/ts-http-runtime@https://registry.npmjs.org/@typespec/ts-http-runtime/-/ts-http-runtime-0.3.3.tgz. Extracting by manifest.
431 silly tarball no local data for @typescript-eslint/types@https://registry.npmjs.org/@typescript-eslint/types/-/types-8.56.0.tgz. Extracting by manifest.
432 silly tarball no local data for @types/responselike@https://registry.npmjs.org/@types/responselike/-/responselike-1.0.3.tgz. Extracting by manifest.
433 silly tarball no local data for @types/node@https://registry.npmjs.org/@types/node/-/node-25.4.0.tgz. Extracting by manifest.
434 silly tarball no local data for @types/keyv@https://registry.npmjs.org/@types/keyv/-/keyv-3.1.4.tgz. Extracting by manifest.
435 silly tarball no local data for @types/json-schema@https://registry.npmjs.org/@types/json-schema/-/json-schema-7.0.15.tgz. Extracting by manifest.
436 silly tarball no local data for @types/http-cache-semantics@https://registry.npmjs.org/@types/http-cache-semantics/-/http-cache-semantics-4.0.4.tgz. Extracting by manifest.
437 silly tarball no local data for @types/esrecurse@https://registry.npmjs.org/@types/esrecurse/-/esrecurse-4.3.1.tgz. Extracting by manifest.
438 silly tarball no local data for @types/cacheable-request@https://registry.npmjs.org/@types/cacheable-request/-/cacheable-request-6.0.3.tgz. Extracting by manifest.
439 silly tarball no local data for @types/estree@https://registry.npmjs.org/@types/estree/-/estree-1.0.8.tgz. Extracting by manifest.
440 silly tarball no local data for @tootallnate/quickjs-emscripten@https://registry.npmjs.org/@tootallnate/quickjs-emscripten/-/quickjs-emscripten-0.23.0.tgz. Extracting by manifest.
441 silly tarball no local data for @szmarczak/http-timer@https://registry.npmjs.org/@szmarczak/http-timer/-/http-timer-4.0.6.tgz. Extracting by manifest.
442 silly tarball no local data for @stylistic/eslint-plugin@https://registry.npmjs.org/@stylistic/eslint-plugin/-/eslint-plugin-5.10.0.tgz. Extracting by manifest.
443 silly tarball no local data for @sindresorhus/is@https://registry.npmjs.org/@sindresorhus/is/-/is-4.6.0.tgz. Extracting by manifest.
444 silly tarball no local data for @protobuf-ts/runtime-rpc@https://registry.npmjs.org/@protobuf-ts/runtime-rpc/-/runtime-rpc-2.11.1.tgz. Extracting by manifest.
445 silly tarball no local data for @protobuf-ts/runtime@https://registry.npmjs.org/@protobuf-ts/runtime/-/runtime-2.11.1.tgz. Extracting by manifest.
446 silly tarball no local data for @oozcitak/util@https://registry.npmjs.org/@oozcitak/util/-/util-9.0.4.tgz. Extracting by manifest.
447 silly tarball no local data for @oozcitak/url@https://registry.npmjs.org/@oozcitak/url/-/url-2.0.1.tgz. Extracting by manifest.
448 silly tarball no local data for @oozcitak/infra@https://registry.npmjs.org/@oozcitak/infra/-/infra-2.0.1.tgz. Extracting by manifest.
449 silly tarball no local data for @oozcitak/dom@https://registry.npmjs.org/@oozcitak/dom/-/dom-2.0.1.tgz. Extracting by manifest.
450 silly tarball no local data for @octokit/types@https://registry.npmjs.org/@octokit/types/-/types-16.0.0.tgz. Extracting by manifest.
451 silly tarball no local data for @octokit/request-error@https://registry.npmjs.org/@octokit/request-error/-/request-error-7.1.0.tgz. Extracting by manifest.
452 silly tarball no local data for @octokit/request@https://registry.npmjs.org/@octokit/request/-/request-10.0.7.tgz. Extracting by manifest.
453 silly tarball no local data for @octokit/openapi-types@https://registry.npmjs.org/@octokit/openapi-types/-/openapi-types-27.0.0.tgz. Extracting by manifest.
454 silly tarball no local data for @octokit/graphql@https://registry.npmjs.org/@octokit/graphql/-/graphql-9.0.3.tgz. Extracting by manifest.
455 silly tarball no local data for @octokit/endpoint@https://registry.npmjs.org/@octokit/endpoint/-/endpoint-11.0.2.tgz. Extracting by manifest.
456 silly tarball no local data for @octokit/core@https://registry.npmjs.org/@octokit/core/-/core-7.0.6.tgz. Extracting by manifest.
457 silly tarball no local data for @octokit/auth-token@https://registry.npmjs.org/@octokit/auth-token/-/auth-token-6.0.0.tgz. Extracting by manifest.
458 silly tarball no local data for @nodable/entities@https://registry.npmjs.org/@nodable/entities/-/entities-2.1.0.tgz. Extracting by manifest.
459 silly tarball no local data for @humanwhocodes/retry@https://registry.npmjs.org/@humanwhocodes/retry/-/retry-0.4.2.tgz. Extracting by manifest.
460 silly tarball no local data for @humanfs/node@https://registry.npmjs.org/@humanfs/node/-/node-0.16.6.tgz. Extracting by manifest.
461 silly tarball no local data for @humanwhocodes/module-importer@https://registry.npmjs.org/@humanwhocodes/module-importer/-/module-importer-1.0.1.tgz. Extracting by manifest.
462 silly tarball no local data for @humanfs/core@https://registry.npmjs.org/@humanfs/core/-/core-0.19.1.tgz. Extracting by manifest.
463 silly tarball no local data for @eslint/plugin-kit@https://registry.npmjs.org/@eslint/plugin-kit/-/plugin-kit-0.7.1.tgz. Extracting by manifest.
464 silly tarball no local data for @eslint/object-schema@https://registry.npmjs.org/@eslint/object-schema/-/object-schema-3.0.5.tgz. Extracting by manifest.
465 silly tarball no local data for @eslint/js@https://registry.npmjs.org/@eslint/js/-/js-10.0.1.tgz. Extracting by manifest.
466 silly tarball no local data for @eslint/core@https://registry.npmjs.org/@eslint/core/-/core-1.2.1.tgz. Extracting by manifest.
467 silly tarball no local data for @eslint/config-array@https://registry.npmjs.org/@eslint/config-array/-/config-array-0.23.5.tgz. Extracting by manifest.
468 silly tarball no local data for @eslint-community/regexpp@https://registry.npmjs.org/@eslint-community/regexpp/-/regexpp-4.12.2.tgz. Extracting by manifest.
469 silly tarball no local data for @eslint/config-helpers@https://registry.npmjs.org/@eslint/config-helpers/-/config-helpers-0.6.0.tgz. Extracting by manifest.
470 silly tarball no local data for @eslint-community/eslint-utils@https://registry.npmjs.org/@eslint-community/eslint-utils/-/eslint-utils-4.9.1.tgz. Extracting by manifest.
471 silly tarball no local data for @azure/storage-common@https://registry.npmjs.org/@azure/storage-common/-/storage-common-12.3.0.tgz. Extracting by manifest.
472 silly tarball no local data for @azure/storage-blob@https://registry.npmjs.org/@azure/storage-blob/-/storage-blob-12.31.0.tgz. Extracting by manifest.
473 silly tarball no local data for @azure/logger@https://registry.npmjs.org/@azure/logger/-/logger-1.3.0.tgz. Extracting by manifest.
474 silly tarball no local data for @azure/core-xml@https://registry.npmjs.org/@azure/core-xml/-/core-xml-1.5.0.tgz. Extracting by manifest.
475 silly tarball no local data for @azure/core-util@https://registry.npmjs.org/@azure/core-util/-/core-util-1.13.1.tgz. Extracting by manifest.
476 silly tarball no local data for @azure/core-tracing@https://registry.npmjs.org/@azure/core-tracing/-/core-tracing-1.3.1.tgz. Extracting by manifest.
477 silly tarball no local data for @azure/core-rest-pipeline@https://registry.npmjs.org/@azure/core-rest-pipeline/-/core-rest-pipeline-1.22.2.tgz. Extracting by manifest.
478 silly tarball no local data for @azure/core-paging@https://registry.npmjs.org/@azure/core-paging/-/core-paging-1.6.2.tgz. Extracting by manifest.
479 silly tarball no local data for @azure/core-lro@https://registry.npmjs.org/@azure/core-lro/-/core-lro-2.7.2.tgz. Extracting by manifest.
480 silly tarball no local data for @azure/core-http-compat@https://registry.npmjs.org/@azure/core-http-compat/-/core-http-compat-2.3.2.tgz. Extracting by manifest.
481 silly tarball no local data for @azure/core-client@https://registry.npmjs.org/@azure/core-client/-/core-client-1.10.1.tgz. Extracting by manifest.
482 silly tarball no local data for @azure/core-auth@https://registry.npmjs.org/@azure/core-auth/-/core-auth-1.10.1.tgz. Extracting by manifest.
483 silly tarball no local data for @azure/abort-controller@https://registry.npmjs.org/@azure/abort-controller/-/abort-controller-1.1.0.tgz. Extracting by manifest.
484 silly tarball no local data for @actions/io@https://registry.npmjs.org/@actions/io/-/io-2.0.0.tgz. Extracting by manifest.
485 silly tarball no local data for @actions/http-client@https://registry.npmjs.org/@actions/http-client/-/http-client-3.0.2.tgz. Extracting by manifest.
486 silly tarball no local data for @actions/glob@https://registry.npmjs.org/@actions/glob/-/glob-0.5.1.tgz. Extracting by manifest.
487 silly tarball no local data for @actions/exec@https://registry.npmjs.org/@actions/exec/-/exec-2.0.0.tgz. Extracting by manifest.
488 silly tarball no local data for @actions/core@https://registry.npmjs.org/@actions/core/-/core-2.0.3.tgz. Extracting by manifest.
489 silly tarball no local data for @actions/cache@https://registry.npmjs.org/@actions/cache/-/cache-5.0.5.tgz. Extracting by manifest.
490 silly tarball no local data for entities@https://registry.npmjs.org/entities/-/entities-6.0.1.tgz. Extracting by manifest.
491 silly tarball no local data for brace-expansion@https://registry.npmjs.org/brace-expansion/-/brace-expansion-5.0.6.tgz. Extracting by manifest.
492 silly tarball no local data for entities@https://registry.npmjs.org/entities/-/entities-6.0.1.tgz. Extracting by manifest.
493 silly tarball no local data for minimatch@https://registry.npmjs.org/minimatch/-/minimatch-10.2.5.tgz. Extracting by manifest.
494 silly tarball no local data for balanced-match@https://registry.npmjs.org/balanced-match/-/balanced-match-4.0.4.tgz. Extracting by manifest.
495 silly tarball no local data for mimic-response@https://registry.npmjs.org/mimic-response/-/mimic-response-3.1.0.tgz. Extracting by manifest.
496 silly tarball no local data for undici@https://registry.npmjs.org/undici/-/undici-7.28.0.tgz. Extracting by manifest.
497 silly tarball no local data for ms@https://registry.npmjs.org/ms/-/ms-2.0.0.tgz. Extracting by manifest.
498 silly tarball no local data for debug@https://registry.npmjs.org/debug/-/debug-2.6.9.tgz. Extracting by manifest.
499 silly tarball no local data for picomatch@https://registry.npmjs.org/picomatch/-/picomatch-4.0.4.tgz. Extracting by manifest.
500 silly tarball no local data for espree@https://registry.npmjs.org/espree/-/espree-10.4.0.tgz. Extracting by manifest.
501 silly tarball no local data for eslint-visitor-keys@https://registry.npmjs.org/eslint-visitor-keys/-/eslint-visitor-keys-4.2.1.tgz. Extracting by manifest.
502 silly tarball no local data for @humanwhocodes/retry@https://registry.npmjs.org/@humanwhocodes/retry/-/retry-0.3.1.tgz. Extracting by manifest.
503 silly tarball no local data for minimatch@https://registry.npmjs.org/minimatch/-/minimatch-10.2.4.tgz. Extracting by manifest.
504 silly tarball no local data for brace-expansion@https://registry.npmjs.org/brace-expansion/-/brace-expansion-5.0.6.tgz. Extracting by manifest.
505 silly tarball no local data for balanced-match@https://registry.npmjs.org/balanced-match/-/balanced-match-4.0.3.tgz. Extracting by manifest.
506 silly tarball no local data for @azure/abort-controller@https://registry.npmjs.org/@azure/abort-controller/-/abort-controller-2.1.2.tgz. Extracting by manifest.
507 silly tarball no local data for @azure/abort-controller@https://registry.npmjs.org/@azure/abort-controller/-/abort-controller-2.1.2.tgz. Extracting by manifest.
508 silly tarball no local data for eslint-visitor-keys@https://registry.npmjs.org/eslint-visitor-keys/-/eslint-visitor-keys-3.4.3.tgz. Extracting by manifest.
509 silly tarball no local data for @azure/abort-controller@https://registry.npmjs.org/@azure/abort-controller/-/abort-controller-2.1.2.tgz. Extracting by manifest.
510 silly tarball no local data for @azure/abort-controller@https://registry.npmjs.org/@azure/abort-controller/-/abort-controller-2.1.2.tgz. Extracting by manifest.
511 silly tarball no local data for @azure/abort-controller@https://registry.npmjs.org/@azure/abort-controller/-/abort-controller-2.1.2.tgz. Extracting by manifest.
512 silly tarball no local data for @azure/abort-controller@https://registry.npmjs.org/@azure/abort-controller/-/abort-controller-2.1.2.tgz. Extracting by manifest.
513 silly tarball no local data for @azure/abort-controller@https://registry.npmjs.org/@azure/abort-controller/-/abort-controller-2.1.2.tgz. Extracting by manifest.
514 silly tarball no local data for @azure/abort-controller@https://registry.npmjs.org/@azure/abort-controller/-/abort-controller-2.1.2.tgz. Extracting by manifest.
515 http fetch GET 200 https://registry.npmjs.org/p-cancelable/-/p-cancelable-2.1.1.tgz 1701ms (cache miss)
516 http fetch GET 200 https://registry.npmjs.org/which/-/which-2.0.2.tgz 1745ms (cache miss)
517 http fetch GET 200 https://registry.npmjs.org/whatwg-encoding/-/whatwg-encoding-3.1.1.tgz 1745ms (cache miss)
518 http fetch GET 200 https://registry.npmjs.org/pump/-/pump-3.0.2.tgz 1730ms (cache miss)
519 http fetch GET 200 https://registry.npmjs.org/supports-color/-/supports-color-9.3.1.tgz 1739ms (cache miss)
520 http fetch GET 200 https://registry.npmjs.org/p-locate/-/p-locate-5.0.0.tgz 1706ms (cache miss)
521 http fetch GET 200 https://registry.npmjs.org/natural-compare/-/natural-compare-1.4.0.tgz 1700ms (cache miss)
522 http fetch GET 200 https://registry.npmjs.org/ms/-/ms-2.1.3.tgz 1701ms (cache miss)
523 http fetch GET 200 https://registry.npmjs.org/lowercase-keys/-/lowercase-keys-2.0.0.tgz 1696ms (cache miss)
524 http fetch GET 200 https://registry.npmjs.org/json-schema-traverse/-/json-schema-traverse-0.4.1.tgz 1695ms (cache miss)
525 http fetch GET 200 https://registry.npmjs.org/is-glob/-/is-glob-4.0.3.tgz 1689ms (cache miss)
526 http fetch GET 200 https://registry.npmjs.org/is-absolute-url/-/is-absolute-url-4.0.1.tgz 1688ms (cache miss)
527 http fetch GET 200 https://registry.npmjs.org/to-regex-range/-/to-regex-range-5.0.1.tgz 1752ms (cache miss)
528 http fetch GET 200 https://registry.npmjs.org/quote/-/quote-0.4.0.tgz 1745ms (cache miss)
529 http fetch GET 200 https://registry.npmjs.org/strnum/-/strnum-2.2.3.tgz 1752ms (cache miss)
530 http fetch GET 200 https://registry.npmjs.org/path-exists/-/path-exists-4.0.0.tgz 1721ms (cache miss)
531 http fetch GET 200 https://registry.npmjs.org/xml-naming/-/xml-naming-0.1.0.tgz 1764ms (cache miss)
532 http fetch GET 200 https://registry.npmjs.org/shebang-command/-/shebang-command-2.0.0.tgz 1749ms (cache miss)
533 http fetch GET 200 https://registry.npmjs.org/p-limit/-/p-limit-3.1.0.tgz 1721ms (cache miss)
534 http fetch GET 200 https://registry.npmjs.org/markdown-link-extractor/-/markdown-link-extractor-4.0.3.tgz 1712ms (cache miss)
535 http fetch GET 200 https://registry.npmjs.org/locate-path/-/locate-path-6.0.0.tgz 1712ms (cache miss)
536 http fetch GET 200 https://registry.npmjs.org/json-buffer/-/json-buffer-3.0.1.tgz 1706ms (cache miss)
537 http fetch GET 200 https://registry.npmjs.org/is-stream/-/is-stream-2.0.1.tgz 1706ms (cache miss)
538 http fetch GET 200 https://registry.npmjs.org/is-relative-url/-/is-relative-url-4.1.0.tgz 1705ms (cache miss)
539 http fetch GET 200 https://registry.npmjs.org/is-extglob/-/is-extglob-2.1.1.tgz 1705ms (cache miss)
540 http fetch GET 200 https://registry.npmjs.org/html-link-extractor/-/html-link-extractor-1.0.5.tgz 1700ms (cache miss)
541 http fetch GET 200 https://registry.npmjs.org/fill-range/-/fill-range-7.1.1.tgz 1695ms (cache miss)
542 http fetch GET 200 https://registry.npmjs.org/before-after-hook/-/before-after-hook-4.0.0.tgz 1673ms (cache miss)
543 http fetch GET 200 https://registry.npmjs.org/argument-vector/-/argument-vector-1.0.2.tgz 1670ms (cache miss)
544 http fetch GET 200 https://registry.npmjs.org/wrappy/-/wrappy-1.0.2.tgz 1777ms (cache miss)
545 http fetch GET 200 https://registry.npmjs.org/universal-user-agent/-/universal-user-agent-7.0.3.tgz 1773ms (cache miss)
546 http fetch GET 200 https://registry.npmjs.org/yocto-queue/-/yocto-queue-0.1.0.tgz 1784ms (cache miss)
547 http fetch GET 200 https://registry.npmjs.org/resolve-alpn/-/resolve-alpn-1.2.1.tgz 1763ms (cache miss)
548 http fetch GET 200 https://registry.npmjs.org/once/-/once-1.4.0.tgz 1735ms (cache miss)
549 http fetch GET 200 https://registry.npmjs.org/normalize-url/-/normalize-url-6.1.0.tgz 1734ms (cache miss)
550 http fetch GET 200 https://registry.npmjs.org/progress/-/progress-2.0.3.tgz 1743ms (cache miss)
551 http fetch GET 200 https://registry.npmjs.org/mimic-response/-/mimic-response-1.0.1.tgz 1730ms (cache miss)
552 http fetch GET 200 https://registry.npmjs.org/isexe/-/isexe-2.0.0.tgz 1720ms (cache miss)
553 http fetch GET 200 https://registry.npmjs.org/is-number/-/is-number-7.0.0.tgz 1720ms (cache miss)
554 http fetch GET 200 https://registry.npmjs.org/glob-parent/-/glob-parent-6.0.2.tgz 1711ms (cache miss)
555 http fetch GET 200 https://registry.npmjs.org/find-up/-/find-up-5.0.0.tgz 1711ms (cache miss)
556 http fetch GET 200 https://registry.npmjs.org/fast-levenshtein/-/fast-levenshtein-2.0.6.tgz 1708ms (cache miss)
557 http fetch GET 200 https://registry.npmjs.org/defer-to-connect/-/defer-to-connect-2.0.1.tgz 1697ms (cache miss)
558 http fetch GET 200 https://registry.npmjs.org/dom-serializer/-/dom-serializer-2.0.0.tgz 1698ms (cache miss)
559 http fetch GET 200 https://registry.npmjs.org/concat-map/-/concat-map-0.0.1.tgz 1692ms (cache miss)
560 http fetch GET 200 https://registry.npmjs.org/clone-response/-/clone-response-1.0.3.tgz 1693ms (cache miss)
561 http fetch GET 200 https://registry.npmjs.org/husky/-/husky-9.1.7.tgz 1722ms (cache miss)
562 http fetch GET 200 https://registry.npmjs.org/@types/responselike/-/responselike-1.0.3.tgz 1682ms (cache miss)
563 http fetch GET 200 https://registry.npmjs.org/@eslint/js/-/js-10.0.1.tgz 1665ms (cache miss)
564 http fetch GET 200 https://registry.npmjs.org/@octokit/request-error/-/request-error-7.1.0.tgz 1674ms (cache miss)
565 http fetch GET 200 https://registry.npmjs.org/@types/keyv/-/keyv-3.1.4.tgz 1683ms (cache miss)
566 http fetch GET 200 https://registry.npmjs.org/@oozcitak/util/-/util-9.0.4.tgz 1678ms (cache miss)
567 http fetch GET 200 https://registry.npmjs.org/balanced-match/-/balanced-match-4.0.4.tgz 1652ms (cache miss)
568 http fetch GET 200 https://registry.npmjs.org/word-wrap/-/word-wrap-1.2.5.tgz 1837ms (cache miss)
569 http fetch GET 200 https://registry.npmjs.org/type-check/-/type-check-0.4.0.tgz 1832ms (cache miss)
570 http fetch GET 200 https://registry.npmjs.org/shebang-regex/-/shebang-regex-3.0.0.tgz 1827ms (cache miss)
571 http fetch GET 200 https://registry.npmjs.org/responselike/-/responselike-2.0.1.tgz 1824ms (cache miss)
572 http fetch GET 200 https://registry.npmjs.org/socks-proxy-agent/-/socks-proxy-agent-8.0.5.tgz 1829ms (cache miss)
573 http fetch GET 200 https://registry.npmjs.org/path-key/-/path-key-3.1.1.tgz 1801ms (cache miss)
574 http fetch GET 200 https://registry.npmjs.org/punycode/-/punycode-2.3.1.tgz 1824ms (cache miss)
575 http fetch GET 200 https://registry.npmjs.org/keyv/-/keyv-4.5.4.tgz 1786ms (cache miss)
576 http fetch GET 200 https://registry.npmjs.org/imurmurhash/-/imurmurhash-0.1.4.tgz 1779ms (cache miss)
577 http fetch GET 200 https://registry.npmjs.org/get-stream/-/get-stream-5.2.0.tgz 1773ms (cache miss)
578 http fetch GET 200 https://registry.npmjs.org/quick-lru/-/quick-lru-5.1.1.tgz 1829ms (cache miss)
579 http fetch GET 200 https://registry.npmjs.org/escape-string-regexp/-/escape-string-regexp-4.0.0.tgz 1762ms (cache miss)
580 http fetch GET 200 https://registry.npmjs.org/end-of-stream/-/end-of-stream-1.4.4.tgz 1761ms (cache miss)
581 http fetch GET 200 https://registry.npmjs.org/fast-deep-equal/-/fast-deep-equal-3.1.3.tgz 1769ms (cache miss)
582 http fetch GET 200 https://registry.npmjs.org/deep-is/-/deep-is-0.1.4.tgz 1757ms (cache miss)
583 http fetch GET 200 https://registry.npmjs.org/boolbase/-/boolbase-1.0.0.tgz 1749ms (cache miss)
584 http fetch GET 200 https://registry.npmjs.org/@types/esrecurse/-/esrecurse-4.3.1.tgz 1740ms (cache miss)
585 http fetch GET 200 https://registry.npmjs.org/balanced-match/-/balanced-match-1.0.2.tgz 1749ms (cache miss)
586 http fetch GET 200 https://registry.npmjs.org/hasha/-/hasha-5.2.2.tgz 1787ms (cache miss)
587 http fetch GET 200 https://registry.npmjs.org/find-yarn-workspace-root/-/find-yarn-workspace-root-2.0.0.tgz 1784ms (cache miss)
588 http fetch GET 200 https://registry.npmjs.org/file-entry-cache/-/file-entry-cache-8.0.0.tgz 1782ms (cache miss)
589 http fetch GET 200 https://registry.npmjs.org/esrecurse/-/esrecurse-4.3.0.tgz 1778ms (cache miss)
590 http fetch GET 200 https://registry.npmjs.org/decompress-response/-/decompress-response-6.0.0.tgz 1768ms (cache miss)
591 http fetch GET 200 https://registry.npmjs.org/debug/-/debug-4.4.3.tgz 1770ms (cache miss)
592 http fetch GET 200 https://registry.npmjs.org/@types/cacheable-request/-/cacheable-request-6.0.3.tgz 1750ms (cache miss)
593 http fetch GET 200 https://registry.npmjs.org/@types/http-cache-semantics/-/http-cache-semantics-4.0.4.tgz 1752ms (cache miss)
594 http fetch GET 200 https://registry.npmjs.org/mimic-response/-/mimic-response-3.1.0.tgz 1723ms (cache miss)
595 http fetch GET 200 https://registry.npmjs.org/@azure/abort-controller/-/abort-controller-1.1.0.tgz 1728ms (cache miss)
596 http fetch GET 200 https://registry.npmjs.org/@actions/io/-/io-2.0.0.tgz 1729ms (cache miss)
597 http fetch GET 200 https://registry.npmjs.org/ms/-/ms-2.0.0.tgz 1724ms (cache miss)
598 http fetch GET 200 https://registry.npmjs.org/proxy-from-env/-/proxy-from-env-1.1.0.tgz 1850ms (cache miss)
599 http fetch GET 200 https://registry.npmjs.org/flat-cache/-/flat-cache-4.0.1.tgz 1797ms (cache miss)
600 http fetch GET 200 https://registry.npmjs.org/brace-expansion/-/brace-expansion-1.1.13.tgz 1773ms (cache miss)
601 http fetch GET 200 https://registry.npmjs.org/@eslint/core/-/core-1.2.1.tgz 1747ms (cache miss)
602 http fetch GET 200 https://registry.npmjs.org/@azure/abort-controller/-/abort-controller-2.1.2.tgz 1728ms (cache miss)
603 http fetch GET 200 https://registry.npmjs.org/parse5-parser-stream/-/parse5-parser-stream-7.1.2.tgz 1840ms (cache miss)
604 http fetch GET 200 https://registry.npmjs.org/parse5-htmlparser2-tree-adapter/-/parse5-htmlparser2-tree-adapter-7.1.0.tgz 1840ms (cache miss)
605 http fetch GET 200 https://registry.npmjs.org/minimatch/-/minimatch-3.1.5.tgz 1831ms (cache miss)
606 http fetch GET 200 https://registry.npmjs.org/markdown-link-check/-/markdown-link-check-3.14.2.tgz 1829ms (cache miss)
607 http fetch GET 200 https://registry.npmjs.org/escodegen/-/escodegen-2.1.0.tgz 1853ms (cache miss)
608 http fetch GET 200 https://registry.npmjs.org/cacheable-lookup/-/cacheable-lookup-5.0.4.tgz 1841ms (cache miss)
609 http fetch GET 200 https://registry.npmjs.org/acorn-jsx/-/acorn-jsx-5.3.2.tgz 1834ms (cache miss)
610 http fetch GET 200 https://registry.npmjs.org/@szmarczak/http-timer/-/http-timer-4.0.6.tgz 1830ms (cache miss)
611 http fetch GET 200 https://registry.npmjs.org/sax/-/sax-1.4.1.tgz 1932ms (cache miss)
612 http fetch GET 200 https://registry.npmjs.org/safer-buffer/-/safer-buffer-2.1.2.tgz 1931ms (cache miss)
613 http fetch GET 200 https://registry.npmjs.org/@types/json-schema/-/json-schema-7.0.15.tgz 1842ms (cache miss)
614 http fetch GET 200 https://registry.npmjs.org/@types/estree/-/estree-1.0.8.tgz 1841ms (cache miss)
615 http fetch GET 200 https://registry.npmjs.org/estraverse/-/estraverse-5.3.0.tgz 1878ms (cache miss)
616 http fetch GET 200 https://registry.npmjs.org/cacheable-request/-/cacheable-request-7.0.4.tgz 1862ms (cache miss)
617 http fetch GET 200 https://registry.npmjs.org/levn/-/levn-0.4.1.tgz 1910ms (cache miss)
618 http fetch GET 200 https://registry.npmjs.org/http-cache-semantics/-/http-cache-semantics-4.1.1.tgz 1898ms (cache miss)
619 http fetch GET 200 https://registry.npmjs.org/@humanfs/node/-/node-0.16.6.tgz 1849ms (cache miss)
620 http fetch GET 200 https://registry.npmjs.org/whatwg-mimetype/-/whatwg-mimetype-4.0.0.tgz 1970ms (cache miss)
621 http fetch GET 200 https://registry.npmjs.org/proxy-agent/-/proxy-agent-6.5.0.tgz 1961ms (cache miss)
622 http fetch GET 200 https://registry.npmjs.org/@humanwhocodes/module-importer/-/module-importer-1.0.1.tgz 1916ms (cache miss)
623 http fetch GET 200 https://registry.npmjs.org/eslint-visitor-keys/-/eslint-visitor-keys-3.4.3.tgz 1895ms (cache miss)
624 http fetch GET 200 https://registry.npmjs.org/semver/-/semver-6.3.1.tgz 2032ms (cache miss)
625 http fetch GET 200 https://registry.npmjs.org/pac-proxy-agent/-/pac-proxy-agent-7.2.0.tgz 2002ms (cache miss)
626 http fetch GET 200 https://registry.npmjs.org/ignore/-/ignore-5.3.2.tgz 1982ms (cache miss)
627 http fetch GET 200 https://registry.npmjs.org/micromatch/-/micromatch-4.0.8.tgz 2003ms (cache miss)
628 http fetch GET 200 https://registry.npmjs.org/eslint-visitor-keys/-/eslint-visitor-keys-5.0.1.tgz 1972ms (cache miss)
629 http fetch GET 200 https://registry.npmjs.org/esutils/-/esutils-2.0.3.tgz 1984ms (cache miss)
630 http fetch GET 200 https://registry.npmjs.org/@humanwhocodes/retry/-/retry-0.3.1.tgz 1924ms (cache miss)
631 http fetch GET 200 https://registry.npmjs.org/https-proxy-agent/-/https-proxy-agent-7.0.6.tgz 2021ms (cache miss)
632 http fetch GET 200 https://registry.npmjs.org/domelementtype/-/domelementtype-2.3.0.tgz 2000ms (cache miss)
633 http fetch GET 200 https://registry.npmjs.org/optionator/-/optionator-0.9.4.tgz 2096ms (cache miss)
634 http fetch GET 200 https://registry.npmjs.org/json-stable-stringify-without-jsonify/-/json-stable-stringify-without-jsonify-1.0.1.tgz 2085ms (cache miss)
635 http fetch GET 200 https://registry.npmjs.org/http-proxy-agent/-/http-proxy-agent-7.0.2.tgz 2074ms (cache miss)
636 http fetch GET 200 https://registry.npmjs.org/fast-json-stable-stringify/-/fast-json-stable-stringify-2.1.0.tgz 2065ms (cache miss)
637 http fetch GET 200 https://registry.npmjs.org/debug/-/debug-2.6.9.tgz 2009ms (cache miss)
638 http fetch GET 200 https://registry.npmjs.org/netmask/-/netmask-2.0.2.tgz 2106ms (cache miss)
639 http fetch GET 200 https://registry.npmjs.org/prelude-ls/-/prelude-ls-1.2.1.tgz 2115ms (cache miss)
640 http fetch GET 200 https://registry.npmjs.org/flatted/-/flatted-3.4.2.tgz 2083ms (cache miss)
641 http fetch GET 200 https://registry.npmjs.org/argparse/-/argparse-2.0.1.tgz 2053ms (cache miss)
642 http fetch GET 200 https://registry.npmjs.org/@octokit/core/-/core-7.0.6.tgz 2038ms (cache miss)
643 http fetch GET 200 https://registry.npmjs.org/tunnel/-/tunnel-0.0.6.tgz 2152ms (cache miss)
644 http fetch GET 200 https://registry.npmjs.org/@humanwhocodes/retry/-/retry-0.4.2.tgz 2044ms (cache miss)
645 http fetch GET 200 https://registry.npmjs.org/@actions/exec/-/exec-2.0.0.tgz 2034ms (cache miss)
646 http fetch GET 200 https://registry.npmjs.org/cross-spawn/-/cross-spawn-7.0.6.tgz 2088ms (cache miss)
647 http fetch GET 200 https://registry.npmjs.org/eslint-visitor-keys/-/eslint-visitor-keys-4.2.1.tgz 2041ms (cache miss)
648 http fetch GET 200 https://registry.npmjs.org/tslib/-/tslib-2.8.1.tgz 2230ms (cache miss)
649 http fetch GET 200 https://registry.npmjs.org/picomatch/-/picomatch-4.0.4.tgz 2100ms (cache miss)
650 http fetch GET 200 https://registry.npmjs.org/lru-cache/-/lru-cache-7.18.3.tgz 2192ms (cache miss)
651 http fetch GET 200 https://registry.npmjs.org/@eslint/config-helpers/-/config-helpers-0.6.0.tgz 2121ms (cache miss)
652 http fetch GET 200 https://registry.npmjs.org/@sindresorhus/is/-/is-4.6.0.tgz 2134ms (cache miss)
653 http fetch GET 200 https://registry.npmjs.org/@octokit/auth-token/-/auth-token-6.0.0.tgz 2128ms (cache miss)
654 http fetch GET 200 https://registry.npmjs.org/agent-base/-/agent-base-7.1.3.tgz 2148ms (cache miss)
655 http fetch GET 200 https://registry.npmjs.org/@humanfs/core/-/core-0.19.1.tgz 2131ms (cache miss)
656 http fetch GET 200 https://registry.npmjs.org/globals/-/globals-17.6.0.tgz 2187ms (cache miss)
657 http fetch GET 200 https://registry.npmjs.org/@eslint/object-schema/-/object-schema-3.0.5.tgz 2135ms (cache miss)
658 http fetch GET 200 https://registry.npmjs.org/@octokit/graphql/-/graphql-9.0.3.tgz 2142ms (cache miss)
659 http fetch GET 200 https://registry.npmjs.org/espree/-/espree-10.4.0.tgz 2117ms (cache miss)
660 http fetch GET 200 https://registry.npmjs.org/degenerator/-/degenerator-5.0.1.tgz 2182ms (cache miss)
661 http fetch GET 200 https://registry.npmjs.org/@eslint-community/regexpp/-/regexpp-4.12.2.tgz 2152ms (cache miss)
662 http fetch GET 200 https://registry.npmjs.org/@octokit/request/-/request-10.0.7.tgz 2161ms (cache miss)
663 http fetch GET 200 https://registry.npmjs.org/link-check/-/link-check-5.5.1.tgz 2226ms (cache miss)
664 http fetch GET 200 https://registry.npmjs.org/data-uri-to-buffer/-/data-uri-to-buffer-6.0.2.tgz 2190ms (cache miss)
665 http fetch GET 200 https://registry.npmjs.org/@actions/http-client/-/http-client-3.0.2.tgz 2148ms (cache miss)
666 http fetch GET 200 https://registry.npmjs.org/braces/-/braces-3.0.3.tgz 2246ms (cache miss)
667 http fetch GET 200 https://registry.npmjs.org/@nodable/entities/-/entities-2.1.0.tgz 2224ms (cache miss)
668 http fetch GET 200 https://registry.npmjs.org/fast-content-type-parse/-/fast-content-type-parse-3.0.0.tgz 2269ms (cache miss)
669 http fetch GET 200 https://registry.npmjs.org/smart-buffer/-/smart-buffer-4.2.0.tgz 2342ms (cache miss)
670 http fetch GET 200 https://registry.npmjs.org/picomatch/-/picomatch-2.3.2.tgz 2316ms (cache miss)
671 http fetch GET 200 https://registry.npmjs.org/esprima/-/esprima-4.0.1.tgz 2285ms (cache miss)
672 http fetch GET 200 https://registry.npmjs.org/balanced-match/-/balanced-match-4.0.3.tgz 2229ms (cache miss)
673 http fetch GET 200 https://registry.npmjs.org/type-fest/-/type-fest-0.8.1.tgz 2370ms (cache miss)
674 http fetch GET 200 https://registry.npmjs.org/node-email-verifier/-/node-email-verifier-3.4.1.tgz 2330ms (cache miss)
675 http fetch GET 200 https://registry.npmjs.org/espree/-/espree-11.2.0.tgz 2297ms (cache miss)
676 http fetch GET 200 https://registry.npmjs.org/@eslint/plugin-kit/-/plugin-kit-0.7.1.tgz 2256ms (cache miss)
677 http fetch GET 200 https://registry.npmjs.org/http2-wrapper/-/http2-wrapper-1.0.3.tgz 2371ms (cache miss)
678 http fetch GET 200 https://registry.npmjs.org/brace-expansion/-/brace-expansion-5.0.6.tgz 2301ms (cache miss)
679 http fetch GET 200 https://registry.npmjs.org/domhandler/-/domhandler-5.0.3.tgz 2356ms (cache miss)
680 http fetch GET 200 https://registry.npmjs.org/chalk/-/chalk-5.6.2.tgz 2347ms (cache miss)
681 http fetch GET 200 https://registry.npmjs.org/brace-expansion/-/brace-expansion-5.0.6.tgz 2300ms (cache miss)
682 http fetch GET 200 https://registry.npmjs.org/@eslint-community/eslint-utils/-/eslint-utils-4.9.1.tgz 2318ms (cache miss)
683 http fetch GET 200 https://registry.npmjs.org/path-expression-matcher/-/path-expression-matcher-1.5.0.tgz 2422ms (cache miss)
684 http fetch GET 200 https://registry.npmjs.org/@oozcitak/url/-/url-2.0.1.tgz 2353ms (cache miss)
685 http fetch GET 200 https://registry.npmjs.org/commander/-/commander-14.0.2.tgz 2377ms (cache miss)
686 http fetch GET 200 https://registry.npmjs.org/fast-xml-builder/-/fast-xml-builder-1.2.0.tgz 2470ms (cache miss)
687 http fetch GET 200 https://registry.npmjs.org/eslint-scope/-/eslint-scope-9.1.2.tgz 2470ms (cache miss)
688 http fetch GET 200 https://registry.npmjs.org/undici-types/-/undici-types-7.18.2.tgz 2568ms (cache miss)
689 http fetch GET 200 https://registry.npmjs.org/@typescript-eslint/types/-/types-8.56.0.tgz 2471ms (cache miss)
690 http fetch GET 200 https://registry.npmjs.org/@octokit/types/-/types-16.0.0.tgz 2532ms (cache miss)
691 http fetch GET 200 https://registry.npmjs.org/@eslint/config-array/-/config-array-0.23.5.tgz 2528ms (cache miss)
692 http fetch GET 200 https://registry.npmjs.org/@actions/core/-/core-2.0.3.tgz 2518ms (cache miss)
693 http fetch GET 200 https://registry.npmjs.org/acorn/-/acorn-8.16.0.tgz 2554ms (cache miss)
694 http fetch GET 200 https://registry.npmjs.org/@azure/logger/-/logger-1.3.0.tgz 2527ms (cache miss)
695 http fetch GET 200 https://registry.npmjs.org/marked/-/marked-17.0.0.tgz 2622ms (cache miss)
696 http fetch GET 200 https://registry.npmjs.org/get-uri/-/get-uri-6.0.5.tgz 2612ms (cache miss)
697 http fetch GET 200 https://registry.npmjs.org/events/-/events-3.3.0.tgz 2671ms (cache miss)
698 http fetch GET 200 https://registry.npmjs.org/basic-ftp/-/basic-ftp-5.3.1.tgz 2650ms (cache miss)
699 http fetch GET 200 https://registry.npmjs.org/nth-check/-/nth-check-2.1.1.tgz 2711ms (cache miss)
700 http fetch GET 200 https://registry.npmjs.org/encoding-sniffer/-/encoding-sniffer-0.2.1.tgz 2707ms (cache miss)
701 http fetch GET 200 https://registry.npmjs.org/cheerio-select/-/cheerio-select-2.1.0.tgz 2700ms (cache miss)
702 http fetch GET 200 https://registry.npmjs.org/@actions/glob/-/glob-0.5.1.tgz 2716ms (cache miss)
703 http fetch GET 200 https://registry.npmjs.org/@oozcitak/infra/-/infra-2.0.1.tgz 2746ms (cache miss)
704 http fetch GET 200 https://registry.npmjs.org/css-what/-/css-what-6.2.2.tgz 2784ms (cache miss)
705 http fetch GET 200 https://registry.npmjs.org/@octokit/endpoint/-/endpoint-11.0.2.tgz 2819ms (cache miss)
706 http fetch GET 200 https://registry.npmjs.org/iconv-lite/-/iconv-lite-0.6.3.tgz 2878ms (cache miss)
707 http fetch GET 200 https://registry.npmjs.org/ip-address/-/ip-address-10.2.0.tgz 2892ms (cache miss)
708 http fetch GET 200 https://registry.npmjs.org/esquery/-/esquery-1.7.0.tgz 2881ms (cache miss)
709 http fetch GET 200 https://registry.npmjs.org/socks/-/socks-2.8.7.tgz 2962ms (cache miss)
710 http fetch GET 200 https://registry.npmjs.org/source-map/-/source-map-0.6.1.tgz 2965ms (cache miss)
711 http fetch GET 200 https://registry.npmjs.org/eslint-plugin-cypress/-/eslint-plugin-cypress-6.4.1.tgz 2897ms (cache miss)
712 http fetch GET 200 https://registry.npmjs.org/pac-resolver/-/pac-resolver-7.0.1.tgz 3237ms (cache miss)
713 http fetch GET 200 https://registry.npmjs.org/ast-types/-/ast-types-0.13.4.tgz 3204ms (cache miss)
714 http fetch GET 200 https://registry.npmjs.org/@azure/core-xml/-/core-xml-1.5.0.tgz 3176ms (cache miss)
715 http fetch GET 200 https://registry.npmjs.org/needle/-/needle-3.3.1.tgz 3306ms (cache miss)
716 http fetch GET 200 https://registry.npmjs.org/js-yaml/-/js-yaml-4.2.0.tgz 3325ms (cache miss)
717 http fetch GET 200 https://registry.npmjs.org/async/-/async-3.2.6.tgz 3373ms (cache miss)
718 http fetch GET 200 https://registry.npmjs.org/@azure/abort-controller/-/abort-controller-2.1.2.tgz 3300ms (cache miss)
719 http fetch GET 200 https://registry.npmjs.org/@azure/abort-controller/-/abort-controller-2.1.2.tgz 3330ms (cache miss)
720 http fetch GET 200 https://registry.npmjs.org/@azure/abort-controller/-/abort-controller-2.1.2.tgz 3335ms (cache miss)
721 http fetch GET 200 https://registry.npmjs.org/@azure/abort-controller/-/abort-controller-2.1.2.tgz 3332ms (cache miss)
722 http fetch GET 200 https://registry.npmjs.org/@azure/abort-controller/-/abort-controller-2.1.2.tgz 3333ms (cache miss)
723 http fetch GET 200 https://registry.npmjs.org/@azure/abort-controller/-/abort-controller-2.1.2.tgz 3303ms (cache miss)
724 http fetch GET 200 https://registry.npmjs.org/@azure/abort-controller/-/abort-controller-2.1.2.tgz 3391ms (cache miss)
725 http fetch GET 200 https://registry.npmjs.org/domutils/-/domutils-3.2.2.tgz 3458ms (cache miss)
726 http fetch GET 200 https://registry.npmjs.org/@azure/core-paging/-/core-paging-1.6.2.tgz 3421ms (cache miss)
727 http fetch GET 200 https://registry.npmjs.org/minimatch/-/minimatch-10.2.4.tgz 3426ms (cache miss)
728 http fetch GET 200 https://registry.npmjs.org/minimatch/-/minimatch-10.2.5.tgz 3502ms (cache miss)
729 http fetch GET 200 https://registry.npmjs.org/uri-js/-/uri-js-4.4.1.tgz 3642ms (cache miss)
730 http fetch GET 200 https://registry.npmjs.org/@protobuf-ts/runtime-rpc/-/runtime-rpc-2.11.1.tgz 3534ms (cache miss)
731 http fetch GET 200 https://registry.npmjs.org/htmlparser2/-/htmlparser2-10.0.0.tgz 3590ms (cache miss)
732 http fetch GET 200 https://registry.npmjs.org/@octokit/openapi-types/-/openapi-types-27.0.0.tgz 3546ms (cache miss)
733 http fetch GET 200 https://registry.npmjs.org/@types/node/-/node-25.4.0.tgz 3635ms (cache miss)
734 http fetch GET 200 https://registry.npmjs.org/fast-xml-parser/-/fast-xml-parser-5.7.1.tgz 3674ms (cache miss)
735 http fetch GET 200 https://registry.npmjs.org/entities/-/entities-4.5.0.tgz 3665ms (cache miss)
736 http fetch GET 200 https://registry.npmjs.org/@tootallnate/quickjs-emscripten/-/quickjs-emscripten-0.23.0.tgz 3639ms (cache miss)
737 http fetch GET 200 https://registry.npmjs.org/got/-/got-11.8.6.tgz 3696ms (cache miss)
738 http fetch GET 200 https://registry.npmjs.org/@azure/core-tracing/-/core-tracing-1.3.1.tgz 3710ms (cache miss)
739 http fetch GET 200 https://registry.npmjs.org/@azure/core-util/-/core-util-1.13.1.tgz 3713ms (cache miss)
740 http fetch GET 200 https://registry.npmjs.org/parse5/-/parse5-7.3.0.tgz 3815ms (cache miss)
741 http fetch GET 200 https://registry.npmjs.org/xmlbuilder2/-/xmlbuilder2-4.0.0.tgz 3863ms (cache miss)
742 http fetch GET 200 https://registry.npmjs.org/@actions/cache/-/cache-5.0.5.tgz 3737ms (cache miss)
743 http fetch GET 200 https://registry.npmjs.org/@azure/core-auth/-/core-auth-1.10.1.tgz 3749ms (cache miss)
744 http fetch GET 200 https://registry.npmjs.org/entities/-/entities-6.0.1.tgz 3808ms (cache miss)
745 http fetch GET 200 https://registry.npmjs.org/@protobuf-ts/runtime/-/runtime-2.11.1.tgz 3836ms (cache miss)
746 http fetch GET 200 https://registry.npmjs.org/entities/-/entities-6.0.1.tgz 3818ms (cache miss)
747 http fetch GET 200 https://registry.npmjs.org/ajv/-/ajv-6.14.0.tgz 3868ms (cache miss)
748 http fetch GET 200 https://registry.npmjs.org/css-select/-/css-select-5.2.2.tgz 3983ms (cache miss)
749 http fetch GET 200 https://registry.npmjs.org/@stylistic/eslint-plugin/-/eslint-plugin-5.10.0.tgz 3970ms (cache miss)
750 http fetch GET 200 https://registry.npmjs.org/@azure/core-http-compat/-/core-http-compat-2.3.2.tgz 4032ms (cache miss)
751 http fetch GET 200 https://registry.npmjs.org/prettier/-/prettier-3.8.4.tgz 4224ms (cache miss)
752 http fetch GET 200 https://registry.npmjs.org/validator/-/validator-13.15.23.tgz 4463ms (cache miss)
753 http fetch GET 200 https://registry.npmjs.org/undici/-/undici-6.27.0.tgz 4463ms (cache miss)
754 http fetch GET 200 https://registry.npmjs.org/@azure/core-client/-/core-client-1.10.1.tgz 4545ms (cache miss)
755 http fetch GET 200 https://registry.npmjs.org/undici/-/undici-7.28.0.tgz 4558ms (cache miss)
756 http fetch GET 200 https://registry.npmjs.org/@oozcitak/dom/-/dom-2.0.1.tgz 4646ms (cache miss)
757 http fetch GET 200 https://registry.npmjs.org/cheerio/-/cheerio-1.1.2.tgz 4669ms (cache miss)
758 http fetch GET 200 https://registry.npmjs.org/@azure/core-lro/-/core-lro-2.7.2.tgz 4816ms (cache miss)
759 http fetch GET 200 https://registry.npmjs.org/eslint/-/eslint-10.4.0.tgz 4992ms (cache miss)
760 http fetch GET 200 https://registry.npmjs.org/@vercel/ncc/-/ncc-0.44.0.tgz 5037ms (cache miss)
761 http fetch GET 200 https://registry.npmjs.org/@azure/core-rest-pipeline/-/core-rest-pipeline-1.22.2.tgz 5031ms (cache miss)
762 http fetch GET 200 https://registry.npmjs.org/@azure/storage-common/-/storage-common-12.3.0.tgz 5048ms (cache miss)
763 http fetch GET 200 https://registry.npmjs.org/@typespec/ts-http-runtime/-/ts-http-runtime-0.3.3.tgz 5448ms (cache miss)
764 http fetch GET 200 https://registry.npmjs.org/@azure/storage-blob/-/storage-blob-12.31.0.tgz 5626ms (cache miss)
765 silly ADD node_modules/yocto-queue
766 silly ADD node_modules/xmlbuilder2
767 silly ADD node_modules/xml-naming
768 silly ADD node_modules/wrappy
769 silly ADD node_modules/word-wrap
770 silly ADD node_modules/which
771 silly ADD node_modules/whatwg-mimetype
772 silly ADD node_modules/whatwg-encoding
773 silly ADD node_modules/validator
774 silly ADD node_modules/uri-js
775 silly ADD node_modules/universal-user-agent
776 silly ADD node_modules/undici-types
777 silly ADD node_modules/undici
778 silly ADD node_modules/type-fest
779 silly ADD node_modules/type-check
780 silly ADD node_modules/tunnel
781 silly ADD node_modules/tslib
782 silly ADD node_modules/to-regex-range
783 silly ADD node_modules/supports-color
784 silly ADD node_modules/strnum
785 silly ADD node_modules/source-map
786 silly ADD node_modules/socks-proxy-agent
787 silly ADD node_modules/socks
788 silly ADD node_modules/smart-buffer
789 silly ADD node_modules/shebang-regex
790 silly ADD node_modules/shebang-command
791 silly ADD node_modules/semver
792 silly ADD node_modules/sax
793 silly ADD node_modules/safer-buffer
794 silly ADD node_modules/responselike
795 silly ADD node_modules/resolve-alpn
796 silly ADD node_modules/quote
797 silly ADD node_modules/quick-lru
798 silly ADD node_modules/punycode
799 silly ADD node_modules/pump
800 silly ADD node_modules/proxy-from-env
801 silly ADD node_modules/proxy-agent
802 silly ADD node_modules/progress
803 silly ADD node_modules/prettier
804 silly ADD node_modules/prelude-ls
805 silly ADD node_modules/picomatch
806 silly ADD node_modules/path-key
807 silly ADD node_modules/path-expression-matcher
808 silly ADD node_modules/path-exists
809 silly ADD node_modules/parse5-parser-stream
810 silly ADD node_modules/parse5-htmlparser2-tree-adapter
811 silly ADD node_modules/parse5
812 silly ADD node_modules/parse5/node_modules/entities
813 silly ADD node_modules/pac-resolver
814 silly ADD node_modules/pac-proxy-agent
815 silly ADD node_modules/p-locate
816 silly ADD node_modules/p-limit
817 silly ADD node_modules/p-cancelable
818 silly ADD node_modules/optionator
819 silly ADD node_modules/once
820 silly ADD node_modules/nth-check
821 silly ADD node_modules/normalize-url
822 silly ADD node_modules/node-email-verifier
823 silly ADD node_modules/netmask
824 silly ADD node_modules/needle
825 silly ADD node_modules/natural-compare
826 silly ADD node_modules/ms
827 silly ADD node_modules/minimatch
828 silly ADD node_modules/mimic-response
829 silly ADD node_modules/micromatch
830 silly ADD node_modules/marked
831 silly ADD node_modules/markdown-link-extractor
832 silly ADD node_modules/markdown-link-check
833 silly ADD node_modules/lru-cache
834 silly ADD node_modules/lowercase-keys
835 silly ADD node_modules/locate-path
836 silly ADD node_modules/link-check
837 silly ADD node_modules/levn
838 silly ADD node_modules/keyv
839 silly ADD node_modules/json-stable-stringify-without-jsonify
840 silly ADD node_modules/json-schema-traverse
841 silly ADD node_modules/json-buffer
842 silly ADD node_modules/js-yaml
843 silly ADD node_modules/isexe
844 silly ADD node_modules/is-stream
845 silly ADD node_modules/is-relative-url
846 silly ADD node_modules/is-number
847 silly ADD node_modules/is-glob
848 silly ADD node_modules/is-extglob
849 silly ADD node_modules/is-absolute-url
850 silly ADD node_modules/ip-address
851 silly ADD node_modules/imurmurhash
852 silly ADD node_modules/ignore
853 silly ADD node_modules/iconv-lite
854 silly ADD node_modules/husky
855 silly ADD node_modules/https-proxy-agent
856 silly ADD node_modules/http2-wrapper
857 silly ADD node_modules/http-proxy-agent
858 silly ADD node_modules/http-cache-semantics
859 silly ADD node_modules/htmlparser2
860 silly ADD node_modules/htmlparser2/node_modules/entities
861 silly ADD node_modules/html-link-extractor
862 silly ADD node_modules/hasha
863 silly ADD node_modules/got
864 silly ADD node_modules/globals
865 silly ADD node_modules/glob-parent
866 silly ADD node_modules/get-uri
867 silly ADD node_modules/get-stream
868 silly ADD node_modules/flatted
869 silly ADD node_modules/flat-cache
870 silly ADD node_modules/find-yarn-workspace-root
871 silly ADD node_modules/find-up
872 silly ADD node_modules/fill-range
873 silly ADD node_modules/file-entry-cache
874 silly ADD node_modules/fast-xml-parser
875 silly ADD node_modules/fast-xml-builder
876 silly ADD node_modules/fast-levenshtein
877 silly ADD node_modules/fast-json-stable-stringify
878 silly ADD node_modules/fast-deep-equal
879 silly ADD node_modules/fast-content-type-parse
880 silly ADD node_modules/events
881 silly ADD node_modules/esutils
882 silly ADD node_modules/estraverse
883 silly ADD node_modules/esrecurse
884 silly ADD node_modules/esquery
885 silly ADD node_modules/esprima
886 silly ADD node_modules/espree
887 silly ADD node_modules/eslint-visitor-keys
888 silly ADD node_modules/eslint-scope
889 silly ADD node_modules/eslint-plugin-cypress
890 silly ADD node_modules/eslint
891 silly ADD node_modules/eslint/node_modules/minimatch
892 silly ADD node_modules/eslint/node_modules/brace-expansion
893 silly ADD node_modules/eslint/node_modules/balanced-match
894 silly ADD node_modules/escodegen
895 silly ADD node_modules/escape-string-regexp
896 silly ADD node_modules/entities
897 silly ADD node_modules/end-of-stream
898 silly ADD node_modules/encoding-sniffer
899 silly ADD node_modules/domutils
900 silly ADD node_modules/domhandler
901 silly ADD node_modules/domelementtype
902 silly ADD node_modules/dom-serializer
903 silly ADD node_modules/degenerator
904 silly ADD node_modules/defer-to-connect
905 silly ADD node_modules/deep-is
906 silly ADD node_modules/decompress-response
907 silly ADD node_modules/decompress-response/node_modules/mimic-response
908 silly ADD node_modules/debug
909 silly ADD node_modules/data-uri-to-buffer
910 silly ADD node_modules/css-what
911 silly ADD node_modules/css-select
912 silly ADD node_modules/cross-spawn
913 silly ADD node_modules/concat-map
914 silly ADD node_modules/commander
915 silly ADD node_modules/clone-response
916 silly ADD node_modules/cheerio-select
917 silly ADD node_modules/cheerio
918 silly ADD node_modules/cheerio/node_modules/undici
919 silly ADD node_modules/chalk
920 silly ADD node_modules/cacheable-request
921 silly ADD node_modules/cacheable-lookup
922 silly ADD node_modules/braces
923 silly ADD node_modules/brace-expansion
924 silly ADD node_modules/boolbase
925 silly ADD node_modules/before-after-hook
926 silly ADD node_modules/basic-ftp
927 silly ADD node_modules/balanced-match
928 silly ADD node_modules/async
929 silly ADD node_modules/ast-types
930 silly ADD node_modules/argument-vector
931 silly ADD node_modules/argument-vector/node_modules/ms
932 silly ADD node_modules/argument-vector/node_modules/debug
933 silly ADD node_modules/argparse
934 silly ADD node_modules/ajv
935 silly ADD node_modules/agent-base
936 silly ADD node_modules/acorn-jsx
937 silly ADD node_modules/acorn
938 silly ADD node_modules/@vercel/ncc
939 silly ADD node_modules/@typespec/ts-http-runtime
940 silly ADD node_modules/@typescript-eslint/types
941 silly ADD node_modules/@types/responselike
942 silly ADD node_modules/@types/node
943 silly ADD node_modules/@types/keyv
944 silly ADD node_modules/@types/json-schema
945 silly ADD node_modules/@types/http-cache-semantics
946 silly ADD node_modules/@types/estree
947 silly ADD node_modules/@types/esrecurse
948 silly ADD node_modules/@types/cacheable-request
949 silly ADD node_modules/@tootallnate/quickjs-emscripten
950 silly ADD node_modules/@szmarczak/http-timer
951 silly ADD node_modules/@stylistic/eslint-plugin
952 silly ADD node_modules/@stylistic/eslint-plugin/node_modules/picomatch
953 silly ADD node_modules/@stylistic/eslint-plugin/node_modules/espree
954 silly ADD node_modules/@stylistic/eslint-plugin/node_modules/eslint-visitor-keys
955 silly ADD node_modules/@sindresorhus/is
956 silly ADD node_modules/@protobuf-ts/runtime-rpc
957 silly ADD node_modules/@protobuf-ts/runtime
958 silly ADD node_modules/@oozcitak/util
959 silly ADD node_modules/@oozcitak/url
960 silly ADD node_modules/@oozcitak/infra
961 silly ADD node_modules/@oozcitak/dom
962 silly ADD node_modules/@octokit/types
963 silly ADD node_modules/@octokit/request-error
964 silly ADD node_modules/@octokit/request
965 silly ADD node_modules/@octokit/openapi-types
966 silly ADD node_modules/@octokit/graphql
967 silly ADD node_modules/@octokit/endpoint
968 silly ADD node_modules/@octokit/core
969 silly ADD node_modules/@octokit/auth-token
970 silly ADD node_modules/@nodable/entities
971 silly ADD node_modules/@humanwhocodes/retry
972 silly ADD node_modules/@humanwhocodes/module-importer
973 silly ADD node_modules/@humanfs/node
974 silly ADD node_modules/@humanfs/node/node_modules/@humanwhocodes/retry
975 silly ADD node_modules/@humanfs/core
976 silly ADD node_modules/@eslint/plugin-kit
977 silly ADD node_modules/@eslint/object-schema
978 silly ADD node_modules/@eslint/js
979 silly ADD node_modules/@eslint/core
980 silly ADD node_modules/@eslint/config-helpers
981 silly ADD node_modules/@eslint/config-array
982 silly ADD node_modules/@eslint/config-array/node_modules/minimatch
983 silly ADD node_modules/@eslint/config-array/node_modules/brace-expansion
984 silly ADD node_modules/@eslint/config-array/node_modules/balanced-match
985 silly ADD node_modules/@eslint-community/regexpp
986 silly ADD node_modules/@eslint-community/eslint-utils
987 silly ADD node_modules/@eslint-community/eslint-utils/node_modules/eslint-visitor-keys
988 silly ADD node_modules/@azure/storage-common
989 silly ADD node_modules/@azure/storage-common/node_modules/@azure/abort-controller
990 silly ADD node_modules/@azure/storage-blob
991 silly ADD node_modules/@azure/storage-blob/node_modules/@azure/abort-controller
992 silly ADD node_modules/@azure/logger
993 silly ADD node_modules/@azure/core-xml
994 silly ADD node_modules/@azure/core-util
995 silly ADD node_modules/@azure/core-util/node_modules/@azure/abort-controller
996 silly ADD node_modules/@azure/core-tracing
997 silly ADD node_modules/@azure/core-rest-pipeline
998 silly ADD node_modules/@azure/core-rest-pipeline/node_modules/@azure/abort-controller
999 silly ADD node_modules/@azure/core-paging
1000 silly ADD node_modules/@azure/core-lro
1001 silly ADD node_modules/@azure/core-lro/node_modules/@azure/abort-controller
1002 silly ADD node_modules/@azure/core-http-compat
1003 silly ADD node_modules/@azure/core-http-compat/node_modules/@azure/abort-controller
1004 silly ADD node_modules/@azure/core-client
1005 silly ADD node_modules/@azure/core-client/node_modules/@azure/abort-controller
1006 silly ADD node_modules/@azure/core-auth
1007 silly ADD node_modules/@azure/core-auth/node_modules/@azure/abort-controller
1008 silly ADD node_modules/@azure/abort-controller
1009 silly ADD node_modules/@actions/io
1010 silly ADD node_modules/@actions/http-client
1011 silly ADD node_modules/@actions/glob
1012 silly ADD node_modules/@actions/exec
1013 silly ADD node_modules/@actions/core
1014 silly ADD node_modules/@actions/cache
1015 verbose cwd /tmp/build-861403522
1016 verbose os Linux 6.9.12
1017 verbose node v26.4.0
1018 verbose npm  v11.17.0
1019 verbose exit 0
1020 info ok
